address,type,amountReceivedUSD,amountReceivedBTC
34YmbPSXRjewgcqVRcrryUtYqzM25VXrNt,origCluster,274593,21.001
37LiYT29ymhqT7ibiosZqA4kVDyRzHGSDE,origCluster,288538,35.001
3FLLiVysPiQywwcRPgULDoCCkxDEFBCv7R,origCluster,185380,27.601
3QUB3CEfMYjb11iPfezUJatzRkqCdLwfz3,origCluster,2524599,276.275
3GatP8vMHVEkMyKoUAQbdd6PzNLiDV3HwC,origCluster,1081683,98.4165
38t88zxFmBvHWJQezZqZYgsnNem1Hme8wG,origCluster,104343,9.001
3F3JZNdv5c9NctpKGaBBvTE3z19tXFoTcL,origCluster,677480,61.901
36wpxuojcHLbqFYJ4XjoHMXkig2uhbERPR,origCluster,718997,66.84709505
bc1qddxgl5rh07tq0xcevgsxm7rvh5056f7mcsmgrm,origCluster,151538,14.0399814
3Aujpq9nePXB9bLqJiRt9RtAMg3WXvgXvM,origCluster,84845,8.001
bc1qr35668apux8avra358zzsry83gkg5cny77lnzk,origCluster,880825,49.45098189
bc1qckax25fqf7kygtay4js7t40m78qruqnkn875ul,origCluster,356320,20.82719553
bc1q9584q8yffvdaae7vpzh65kwe95jsuq003hymzx,origCluster,1291890,68.70419491
bc1q7aly3rv89ska32gufv09zh2cxtxmaq0t6ex3fs,origCluster,415184,8.03
3GVhPPdjrVHAGrRXAjhxRkT3BamE6LJtku,origCluster,239985,4.1555851
3NgZfc8piaoNWrG2XWK5SU7ufNaY2cBJ19,origCluster,998923,15.7772878
bc1qa8a4phy5fyrp57xzwf5t7ceqshtxrku2wcgswx,origCluster,183456,4.30733411
3E6M2QJ8r7K94e2JtWWg8kUv3zHzWPgfXc,origCluster,973166,55.33516787
3HujHN7gp8opeKGkmKDwRWVJf5jwrNwmPL,origCluster,116841,2.37721484
3KMXCjXvnrb5CfRazpzEuLrMP1UuvtCF7v,origCluster,1353089,27.5295
3PkkypxG4y5S8bxmMJoNsiA5gdPQwywyfY,origCluster,561653,10.85064146
bc1qqy854xafzv62v448tl3laegemlctfhd94hcf8t,origCluster,1400632,24.91511182
36J1wKWju2oEYLMpy5PMSvNntQndezeT2e,origCluster,136422,2.37849729
37jjeZPaYWanGJrgLjKm9ghrTkLgjwhywN,origCluster,2948860,51.41292133
3D6RytDhtp52cjJqDsrrhMfCx4Fc6jUA1t,origCluster,94359,1.66405585
3AXHa6f1tFXtC1BnsfT8o4TtajRihWL5ji,origCluster,64987,1.8205
bc1qtf5yrquyhuf85pcz2746xw4y44zykk0ufwpn66,origCluster,99237,5.17087145
3GaAsDEWaLgs7qe6QCPpfYALc15JKXNjrB,origCluster,14896,1.30329394
3PafkTLwvqTRK3c8PgYcGJfgtAQShyC9pm,origCluster,491474,43.0005
3NtaaTSeeVtPn4WxN7dPv9cXBCEwsRDWrg,origCluster,137357,20.001
3H7QgFj18sEk9inVd14ix2cJVP997qbhrB,origCluster,793208,75.001
395Ayp3HNZK9TGgyb8XusCfJagd4XMgHCC,origCluster,134175,2.37914479
3JdgVNmxcbzNDvon12UMk2PVR3drYonpPV,origCluster,474529,40.001
3ATSxWjCBDKfYSYy5o9GbhpcFfznXgh5p9,origCluster,207497,20.001
3DTDBjmQ3HbEpK4TcbsmfEnT6zw52WoYfv,origCluster,2081603,200.001
38SyKAgua1PXihpjCmujHD9j9uDKEUMC58,origCluster,203720,20.001
3Qdeaq5PEyh7uaieLwe7dnarf5f8udPFJ7,origCluster,14161,1.3143049
36K1ZuAxAGihwvRhzzCZz9PzL5Aetz7f5S,origCluster,1265027,117.401
3M9q7gxFb2JKxLG5As4x2DjYtchQcBTUjg,origCluster,1454066,135.1355
35zSh8Td55P7ETMwfyxR1AM22wPxnxmMHA,origCluster,14018,1.3138639
3DZPm3fWSV441vaXyAvMsXgRocdxMGnkbv,origCluster,49225,4.6136
3HQqKULjGQriPWghD3JQrePpwb3PpSU7GN,origCluster,13887,1.3131229
3MYphRskGrptCYMR7zpCsH4SDVCgSu3zsE,origCluster,2495935,236.0005
37sx6LNQzzEvAnB1Z3pVxYxmysVAvX12r8,origCluster,1368487,160.26169643
3AJFC2CFnQ3h59cMYbuDzDiPAuC9Hgn5aT,origCluster,341809,38.362686
38g7tX7vZApSUTc3ywbjPZaBtvadLFo3Px,origCluster,95111,10.001
3Ho1LULXdLFZs5xriQQJvgYp7zk9pq73AW,origCluster,713887,70.001
37HGHgAZUUa2QaKJkKeNMwzNuc6zW1Etjo,origCluster,2155225,241.001
3H6ca3Ehta2pg6MvvH7X7kinpf6dFVS4CD,origCluster,870898,103.120598
3QtVsTQ7qXjBDCXvu3BFEyp2DnmAS1scYg,origCluster,750331,76.0590689
3Fcf3qhEvW2ktDDcNmM924BjBDX8BPTi2Q,origCluster,396432,42.8872
bc1qcml735jfh628qw9reuzcvf0hrqj8x6zdt83s2g,origCluster,176756,3.0
3FNJsecKXnYDbBL7RBQTSBviSVnZtn3Kfn,origCluster,102777,11.001
bc1qr4u8c5kmdrnxwsdvt4j96rq555pfkd67au643r,origCluster,219298,4.0
3HFEbmM8fNYoxieaiyjikCHEobLcWu71s8,origCluster,167760,4.3685
3HUDvhRGjjZPgtnat8pxXdhjFRvZCUivFn,origCluster,1301638,140.821
3Bs4dJMvfbJYEPxfqXqyY7cQcqyELU41xc,origCluster,1636053,198.26517968
36AFX8KKyXprJnBz3RdWPx4gKpAdfRcnxP,origCluster,1788570,200.001
36SdF97yTMPZQP8tHt2xY7WH8s1ftxMkEs,origCluster,1375026,126.001
bc1qmum5mp6nd7t02rgukllazvz3j2lhcrcmncqvde,origCluster,117601,6.2889489
33JEJtQGtuzXksigFPa66wmrspxDsHq51v,origCluster,14899,1.30405294
3GtQH8YaVZrssyf3wjey1GkJJsRyWaeS2w,origCluster,1987913,173.9831
3Dt13oHs87tmeHJCXJnY3qJHvqcZLCUetP,origCluster,250059,27.001
3QgPXnu48QV2YSD6TDV9EXp9euDERYqdAN,origCluster,748851,82.001
bc1qe36gqsccu7l9z9lvzc8frjld8clf4e7awha4fy,origCluster,1516283,31.0
3Ps2Pf11xWjZ9LqTTPL7ypCYEGiTzLNwq8,origCluster,510987,10.001
35BC63CiDzgz67xiCV3q5sH6AdpSRWQw1e,origCluster,658055,13.3751516
3FEo4xDbJAVsFhewrWyB7ks3mH31LDa6uy,origCluster,208741,31.001
39RyDvuF5ZRr2DwixFZzeQiikBQMgJjuZt,origCluster,1055992,57.637888
bc1qntg0fhsuc7n7u4ref5smul8kkp9cxmcxrtrdew,origCluster,99977,2.40536049
bc1q7puemk0c0w3agzva0th3azwh93ts32ykuv06d6,origCluster,99966,1.7
3KR8At6HeazDyEdgr7DcydqNayHMfmJUf8,origCluster,75716,1.76456863
34UBUup1hxitqwePPyibRTabGDgZSHAUUp,origCluster,1480782,34.5095
3DJK6n5rUYbkbm166dH83C2Pq2pCYrUzTz,origCluster,1060535,82.16654346
3DbjsM2n4JzTSzgpa192k6dBpxAYxknNqH,origCluster,752478,49.39632407
3LuH9G7ZL3Se4TvX827vXrvyGPS8Fr6vtx,origCluster,105808,9.66761756
3LVsjsyYhSJ7668AnNuLpivB9a2Ja4iTGi,origCluster,96219,2.50557648
3Qe39b9ticszRM8fzjd72FuQ5Pqpgdfr6i,origCluster,2912840,244.441
3Hnt4TpKGUbJfnp4VGJpCJDEvqmjXC9s1T,origCluster,194220,4.461
3G43ZZojWVJ2sxXiygLNfBFzsWrp45S8Cb,origCluster,132369,5.88684382
3Kz2jThFsHvSdUECeBDciK6VRAtuYqmDWK,origCluster,59452,7.001
33BqJ9gKMbNa5DgMBiGvEHS6Dk6o8X7Vwt,origCluster,53366,1.30855947
35KB6JMPME77cqEKi8rgwkrgzLtV7xqKRd,origCluster,99950,2.4508
34PgigDGrCaRzMcV1uTd1DpqVABDS6u8x1,origCluster,700212,63.801212
35bYRJwhAzN9LoyMx1PdcYfeF3dLBz8xyb,origCluster,1003584,110.001
3Ex8HkqBdjvmaAdactdhdvfesY2g2MiSXE,origCluster,66018,6.1355019
3JZBehBjZ14hgtPiRgHLbakv2mpk76jW59,origCluster,2948263,274.0005
3PHgpdGF24cXULGRmKnFucpmmKVeyhs2t6,origCluster,441912,43.001
3Qg1ABw9mTCkZ3WfqGQwLsVjWCXvd4oeYW,origCluster,74336,7.301
36gQsKMFfuffoER19AXnShYsdcNuyZxNfv,origCluster,1423590,151.001
349imhJfsktwaM7avns1raayjWCRSmjnta,origCluster,2201969,265.001
3Fx1aVhDrKu47MeYb76Ld7v8LFunC231Gp,origCluster,1331112,215.001
3N4vFTvgJFUHYVFej1WadbaSDR7hmCTWTG,origCluster,3050028,270.001
3644EBE5hjcuc57rcyG7YsWRavk3sgR3Vf,origCluster,99043,9.66634056
3QjVM5sWbFGoEmDCxvprZFYq3VhaWX8F7n,origCluster,147437,14.3894892
339K7WysRSsiJPyA9M8uZ87fedpCXa4k6C,origCluster,118546,2.37660782
3BwNvk9MzsosAuSuMD5V8QigQdGFn6yFis,origCluster,131694,2.6402
3Njc51Vfj6BNZu3gdcmdVYQZXCXXUJeW8D,origCluster,101871,9.66659956
3K6Dg7B2t1MWzs4xMhjkmh8MdN4wGFoBpb,origCluster,211390,20.058999
3BiYX1ioEtndwN5necL2Da87UqLbKXWZxN,origCluster,196422,5.5024
3P7hHMXXcsGtZ6UovLd3uP5pfT3ayztgcJ,origCluster,101873,9.66685856
3LHaGmKRqWVFzrdizcAFEgrearEqwLndG2,origCluster,1827374,173.4005
3EBwn1avKQWrXApsxDAkfG3mhyfXT5mmeu,origCluster,1897570,161.3636
35nDfngrLcbc8vAqUFaNcVoFv1VerYS7G7,origCluster,399794,34.48738093
3FAAFYjCKVNhDUMwpwqjdZhHoBSxjFkD6i,origCluster,346286,30.001
3GjPzvEndE2nPPfzpJU4dkdazCrWkfTch5,origCluster,585733,57.171
3FLwacQvoF2v98N1A8PkfiaCMdSvGFQpYo,origCluster,148654,14.51371508
3DWAPv3mXmwo4Tf1dfxTP24mrxYRHxgQwR,origCluster,75882,7.2958
3MRiN5Xu8KJzq8tA6DJ8L3x388bZibhH9f,origCluster,324814,30.411
3FxgyzEEjtLdFAb4DBMQuF6p3o6eXWoEEc,origCluster,141247,12.87
32veBjZHPuvfDi4ZshBYS8DKYRWbECnjGj,origCluster,603970,55.032
374VCaYQJkRs49cqoohgVDnYKthHnxbqbZ,origCluster,711409,65.001
3M5TjNfJcwtofzUYF8kgjWcQgdHDPhDD2d,origCluster,128708,12.018009
38TTZP9eoZ3AWAfiC9wNAcQc5MiScr8fS8,origCluster,1120823,104.6554429
387z6BumFXkai5BEdDmaU1dHNhJEXWdADM,origCluster,64070,5.941
357eTfW7bRE5umRQZRiEiUD2FC399c49YF,origCluster,1511078,140.001
37d8kwXbrEqebBmw4aCkUdX3WJkgKJQcG1,origCluster,554022,51.33
33x74rGesco8nG6R1XfK8yPUZeRkbERKGM,origCluster,300849,26.40827018
3NHTNY4Kb3qf1kxM8sXDWeSwMmrad1MvqU,origCluster,151587,12.721
3LBz1xxkCmv9nGDkJwL5wzffiWgoj6yrAk,origCluster,151134,12.683
3HJP8CAxFNoJ7FJVYxQkT6oqhKYXcaBiRU,origCluster,1959660,151.5412
3FNr9cZm2U3DqfWRhXPPBod3fQPSdofi8t,origCluster,320887,23.501
bc1q2t02vzuxq9jt59gje92vcu2725fw6q4qjeslwa,origCluster,99315,7.3314643
3NQSje6Lw3vWU8CoiZuxz4vUqfcR3fwUw1,origCluster,200540,12.321
38YnShyzLdfPBu8A4QEiQibqSJUX5eRSUK,origCluster,901433,53.926
3LQqATin4Zi7y8gXU8ddC5FLuoy9p4nCqq,origCluster,106841,6.001
37MQWhwy7oNSQns6r1oUea8mHe1egXVLbQ,origCluster,441089,24.77474832
bc1q0plvqg5jq68msd8x3szsj85py2skmx22jnp7vx,origCluster,219446,12.31664363
3A8kkn4y1HSU3igvcxQkCwf9AJM4jZWc9G,origCluster,394588,20.651
bc1qy6cgrwan8x2jnulcmg8wp297ql89wme58gwkf7,origCluster,769269,44.96442781
bc1q6k0td7eahn99ymu59jv8pr7jwvxpjufnhxlxh8,origCluster,506632,28.5951858
bc1qk3hm9k7p9j5p5muye9a9tjc4nn95eftejtyz28,origCluster,750360,42.35156505
bc1qfuv7qmryg09ly6vr258dkawda6tdyrcnmlwsqa,origCluster,303539,15.46630125
bc1ql8y6nhpl8m8d7z053q49tvxq23j6cj4p3zf6cl,origCluster,96510,5.1327201
bc1qtkakv0npf00qvwvpgae48wn9whe4c6wr62mpay,origCluster,134824,7.02169757
bc1qnz3jqgjwflz95ywh9skwhgy85uxq9n69ghyjzr,origCluster,285482,15.26662395
bc1qt9jwsff547crwjgmex4p0wnveqz37yv0cfxuza,origCluster,117360,6.12712963
bc1q2r0pqxs3g0uy2fsmku494z4d29lqlsqyndwq8q,origCluster,134229,7.43288927
bc1qgu0yfyaq5tjatkslwqsk2exc4pu4kg4c4xhpzl,origCluster,182090,9.6837912
bc1qm8txvrprdfq8l238l7fzdhqs69uf0n3cy9vgpy,origCluster,50511,1.86492845
35oXmWAg1EdxRUYy5VhaqmWA6QAr1H9gya,origCluster,67503,2.467
3AjvPJ3tWp7X5ezPC8TUbt3jueR2zYGmeq,origCluster,63478,2.201
bc1qchmda36w7rjcecvzk9wtugk2qmax2wnxqe3cc0,origCluster,1173609,36.53
35aEZAgDpXDKcWWbx5rtn74id6ZnpE12yR,origCluster,70557,1.7921147
bc1qt3khl8x4wwh9ulfm7hr80tgsuesgnsw8v7lmqj,origCluster,61001,1.54941031
bc1qvvxhnyne7kgcrshz6ynsgfrgv25rcwpuayfj52,origCluster,74355,1.93853199
bc1qq3wdw3gynjgp2ktyhuxtwjz352gh0ccjvete2u,origCluster,610271,17.98991496
39a64FApfrDjap5drCApX3se57W4Q2dRpr,origCluster,5051783,155.10614068
bc1ql38cz675k9l3up7agzxzgmz25497hq00kkynfy,origCluster,9666527,205.2101
3BYkEpbh956iDeBikde1UcNb9wgW8RLhbu,origCluster,205834,4.1411
bc1qnj6xewt4fqq7vg0gr7f8p6477nh03hmennxcc9,origCluster,1483456,31.5
bc1qjc7y228re6famswll0wrhqzf4d4hwzenqx0zyf,origCluster,3190260,68.845
39DvDRwqAjhcHUSbz6ojWjPn2W7gok5w8j,origCluster,471105,9.73781303
3ED5SbwaZCbjFPTNWNrLUdqeVH31kAgkJy,origCluster,250061,4.56115403
3KAHWiZUDiGPaSmWrfUSWaPqLsRky1AxwT,origCluster,357319,6.2903006
bc1qkje8qeuwfall4n3wsfarh0lkjdal9k7j7yk83l,origCluster,192361,3.43805
3AYdpaTjUYBee7Cejc5CGVLUKeUxFib7tD,origCluster,744164,12.63033665
3Np3CuooLh7abQzBT7A8RTfv1mwQtamEkX,origCluster,124455,2.13676565
32SjYLbrFiAUR5tVgpiP3hB3JLLZtkfh89,origCluster,406117,6.43510478
bc1qz0nzhndm2cyah9yefu42zg92rgs9u40e55h8xq,origCluster,107752,1.75
bc1qk7svaglve2xgac76ndnvwqzjztp028hjt8hwhj,origCluster,391088,6.4446859
bc1qa75jmayc82n6zyqly9u9kvxpz6kg6f6q4ufxg4,origCluster,245102,4.36
3Dr9x4kmg5JHt5ALDsNvJD6fe7h6Cy6P1w,origCluster,296492,5.72797089
bc1qnlql7p2skm0frwh23p7fzqve743hg4s5fz5nwu,origCluster,100160,1.82
bc1qw8pk2glltluy4cakwxcdn7lcfye6c3zjm3x6rg,origCluster,1244849,22.62
bc1qhz3d070y0ysz8askyx3nfv50n9z6tswysf487k,origCluster,369518,6.74
bc1qjypnlr2mdtm8fw4jt6uruge4x9280ahsqaawdu,origCluster,202125,3.5
bc1qk6yf7z8r2w0q6t35xw4796s3jlxelh6pj5usru,origCluster,871450,15.09
bc1q8kk9reutpug680qk5hajgmmpd2eehyhkr7unhe,origCluster,252404,4.37062937
bc1qxsd3m3wm6ft3f5vu0gvx00czxqrfuw9pn4yvag,origCluster,242877,4.2
3J1K7za5m7AimDYU8FyAcTZpjg9z9CsgCQ,origCluster,114457,2.001
bc1qjy80akwyltd4ux6zp8j9jkefg64mmtd54x70jh,origCluster,79721,1.39372822
bc1qvgsyu5t6s5q09869edsqxm68c7fq0dwyjehe2n,origCluster,267595,4.66
3PL1sDbN5UD9Y2RHkyryesFxqcSNv4JqDt,origCluster,410625,7.351
3Lk5L64GYGqauF1AvMU79UXmWiWFiRv8PY,origCluster,102047,1.79963023
3A8ax7Avhb17Ayb7ndx883wUdud7MGAS44,origCluster,426898,8.5584164
bc1qfd328m9ejspt3eusdtlgm0s729w69yl2rkr32p,origCluster,54868,1.1
bc1qryfvlfu7mc7gu6a4spdhadv8gk7v7zg4acxtuy,origCluster,200601,4.29
bc1qv834jrsuhfufk9l986au3qyayjqs7wmtmgtuwa,origCluster,104643,2.4035363
bc1qckqwthe3nqq4g4ymwmt8mx8trrgxjek70nhtwk,origCluster,97959,2.25
bc1qg9hpuzmf9sstz8g7ufff3z5z9h5p7a09z24qys,origCluster,351532,9.58247775
bc1qczt4rqqehzat69x6xnxwjcrd5dcktgnkwfjafn,origCluster,313670,8.0
37kjVf7HZcZdV2eJwqhNdSDbSCsZGPi1QY,origCluster,153737,3.921
bc1qdjmdl9ps9wnrvvx685dd0u043rvsd9nm746ujx,origCluster,83713,2.14113448
3PYA9Ff8kT3WtjFjk5RbLLX3p3WVfnXDRk,origCluster,98892,2.85302716
bc1qghudccn6rjrdaznwzgzvmjdqgvpczus78ef7px,origCluster,344343,10.0
36JFLL8dSyQj9mijattDnPVxzqrS4Z3pjQ,origCluster,97822,2.4953387
bc1qa9tnqelsxcudhhrp70fsep2zfzmhw6nxyscrjy,origCluster,170395,3.56526425
bc1q7kgausjzrudq9a4da8ck8kkk9jakqyapr8carn,origCluster,349085,7.12989674
3QJLGkQMCLtk66BU2CDC7xvXU54trpsuou,origCluster,133730,2.7758578
32crSMNKbmHp7axJ6p28xfMn76dc2s5eie,origCluster,247717,5.1841869
3DQAwUaJ8sQUWTz2CaPjaVHqDnGAVv7XDc,origCluster,4900885,101.67823031
3MSDk1DKm3jwjJGzue5Vz1DBtmda2a3xur,origCluster,125797,2.33096485
3F6guUF8GRWeTi4egJ4btzuzgaESTEWvpn,origCluster,338278,5.58012115
bc1qs58vc5kuhzpzt6r7fsj0tn62zvvc8fawdsl7rz,origCluster,1627998,26.30520624
bc1qgccetm8s4h7sa7dkk0444jentx3d8suxd28t95,origCluster,149376,2.36257194
bc1qz4epe5sqwfnswncs8aqwq2yn3rmzvu0j6mptmg,origCluster,227532,5.27171826
3EGDTKZQPLDcAD3r8z9EhNj3emyjVaQsi6,origCluster,1336075,32.14973106
39sN8FW8scWEt1F3Rob2Us2Z7jHYLSNa1r,origCluster,248544,5.76673599
bc1qkuz6m4mmllzkzwkgd3y8x6vha59lancvvupgpu,origCluster,544073,14.84336605
3GA5shYnrGCArqgfJwA7rY4QvGz35gb4Lz,origCluster,82677,2.22621525
bc1qmfkaadw5vq70h5xx0cswvn8hcnnw7kdjzzdl03,origCluster,141106,3.81854466
bc1q3puxsc8jzy5ytyj29dq4cr3xq92tz8nrfgpvcs,origCluster,148077,3.37766937
bc1q3pxacamw999ug6jen6un9l5tgma355d5kccrwv,origCluster,145549,3.63593191
bc1qm2c62ajncgy9w3rfuqfzpsgwtgl06s8lmcq5s3,origCluster,3638406,93.59181755
bc1q3c4ed8j58uhwypct5nhghm050ght3w6m9c9s9w,origCluster,315418,10.85861439
bc1qsq852x0u4x4faeljwryhttezc70f0q82922hxj,origCluster,972040,48.35055191
bc1qquzyqnuachthndjmjgpnntkndvpn7jge24wxrf,origCluster,53152,3.0
3QnegHTEXkz6SuLD1Wc5PseviYt2EHgDCn,origCluster,398511,7.37687261
bc1qqd58qaen3d2wu4y2vr2vdf7800k225npt7ndrv,origCluster,451394,7.87
bc1qapa00qc304um8czrzuatfvvynvwmlxzpn0v4fy,origCluster,199388,3.47222222
35rt6GaVjpWfFjPSNVePNED2kSfDJMcAcB,origCluster,15300,1.30303494
3FNmaDRWJVojfruzrGmRKidoubEHw8WXNC,origCluster,98537,14.401
3KJeEF2YP1ULpX8wyfrghsdzHkK19NZXzZ,origCluster,16709,1.30301694
3JL8uZMypBrVg3wWWRF7u8hujFYneUAjd5,origCluster,120111,3.3647
36g7hbmv4GaYqd1tp3Fmwf2wzitANRnsE5,origCluster,221429,6.60577532
32nvZkdkFxS8UpEoTAr97FXaxMsWm5zoQ6,origCluster,47448,4.130128
32f2PZcPvFXUgUxDxtXREjaRH7goyMB1Xy,origCluster,681979,60.001
3Ad98m9m8o29RsDKnrCWr4Pcq8ZVCjRgU6,origCluster,192912,16.51535942
364Q2JEaomBRtZ1UcnFVAam1PEsppjzqsh,origCluster,1784807,149.10073
3JQXyGgzMWps2V9bUEqT5cZVV2yb9LQNe6,origCluster,246890,20.6249378
3FFeg5asnnoxAiuM8n9WWuhG6NHUxvLTya,origCluster,999425,98.64522866
3JQC1rFLYhRh1gKAM5GDV9yuALEpjcErgL,origCluster,13315059,1300.00073424
3HtUm1pVwPqQYoxtg7B6VZvef6Ngsy3341,origCluster,1997443,185.00073
3GmewUFzJz4geQ3845Bw2pqhT5FiAxEeun,origCluster,2134329,197.6789
3MDeGMDAPfJycQhsCwbLhABLcm3PzTArY2,origCluster,106104,9.66787656
3CxiFFJ3h1MHoWgNNCaNDGq8K9Yk1Cr77F,origCluster,164629,15.0005
3DoNFsQ32J9e9Am5C2xpnsGsHkr9JgT5wt,origCluster,66015,6.1352609
3NUK6iPeCBBFz5uX18gUzjmFYBQowX3G61,origCluster,271125,25.000865
3CXzzzXhXpkY6cHu7wR4k3HvvnybLMFq3Y,origCluster,501442,46.23871197
39BnARxXwCsVZVnBPpaNcxQGYZJYUiGaNP,origCluster,1632023,153.9005
3AjshFrTbDxwqxDbnSz4Gx42VHFEPQQ2g1,origCluster,404436,37.0509595
3HsYyaBJ1N9KZxyBvxhkkrgVQcjmqK1fk9,origCluster,505113,28.37080573
3NVt2WF1z2JL37C9sJZmQRUNk5u18EM4hY,origCluster,245627,14.32179932
35X8aLStigWQqTwhKmBNSgqTv3esoVtVJ8,origCluster,3483491,203.612929
3F4Nm2Fp4U6zvSvZQf37xeL3gzdbdVe7Ap,origCluster,250474,13.05124364
35BLZJyNM6y2pBN43nPB1CjtuouAoCxYUP,origCluster,117112,2.90929912
3AHysWgzPRaHC8JPujGxPZXhWRV3XxqRii,origCluster,2910465,78.81871947
37fndBXpQ88Kb17xQ2irYW2apGqFafNB7q,origCluster,358922,7.22100619
3JbpuKB5svNxGTWXYCnmEwuxZBQbZeViZV,origCluster,495872,10.7008056
32rW5amP2s2QgY7k74hs15QtuzXEU1pHhR,origCluster,1013990,21.88164367
3E16RYC7oUkvddLkMo3WGz8S2xF7JdTKZc,origCluster,605643,12.20287644
3LHafdyhTb757R9tzMU8WK5ExaradgZubL,origCluster,2046301,41.82330923
3F7R9fZ7QrsLukFjMVNVsDk9rpkagQpVFg,origCluster,803036,16.41285385
38mcfYQHazPb8qGmSanrw4jRU9k6jtKNEH,origCluster,4023342,77.00689304
3NqkiaFiugVNgD8BXoqqH78u3agRfabsJg,origCluster,2934552,52.39472196
3EGs8ueUDLqFipW3ShU2372ACTiw2L7rLP,origCluster,198932,3.46982388
3HCbCWeER5LNUzLHfJ5BV2mxg8NuRNdA9Y,origCluster,20066252,350.0003758
3FyH22FHgF67577xHvkf3fWauJZH1UFjvV,origCluster,2003945,35.27768521
37bPnuj2tjkGaW8htyzYLVp9ShcCXKcG8A,origCluster,1974638,34.12850985
36a2NZsLVzZwPZ6iiRsVfqks5b4tBjPxbQ,origCluster,208250,3.56920179
3D44G3oA2gTUz1UWoqVyMrUwodyfXxwHV1,origCluster,304186,5.51689051
31mw9MpFaoETvn6EtFSuPcCHL4ZytLii3V,origCluster,1595557,26.99950438
39qgfiukF9ZTzS5cXkvWbbst82PcVLVHZt,origCluster,2004284,34.3646925
34hFNeoSdPu9dXrfd24BB6nawBCLvZDjPg,origCluster,2333008,40.00086905
3DRT9gmH95XiE5cz82S6zieWbSRQpAvsLT,origCluster,2002181,31.52870572
375rDSmkYpwyC7Q1pM2Gh732yqquPZ3rWg,origCluster,310809,4.90901963
3HA3tbpBMVKgN2LSKuGCVdJPSQWqxhVAZB,origCluster,220135,4.0000545
3HEvaEvdZgyTbsckBPz5M63GCh2t76dLLX,origCluster,136655,2.379757
33EzfUqBqgpwvdjSmdcshkZXZsDjUeBhbB,origCluster,157685,2.74597841
3BUQBJHTk4L9Zyvnopv6hdhF8A2dAGGk88,origCluster,136384,2.37784979
33yHwNgKewLyedxygsL74cH8VtJZq8Lq6z,origCluster,2979479,51.94676564
33VHbMFKkXp1cYhYL3sVfPwAZwJ9yJT43b,origCluster,98621,2.67306717
3F3HMv93LM6Go1TB7SJxo9nt5B5Qtb6v5C,origCluster,550730,14.36173
34UqTbsfD8BHsfzqNX2vfPG8AijXBHKvTp,origCluster,338987,10.0005
3MWXccgBdxKongxe1QfZ1GmEqzv4E885hj,origCluster,1932114,56.999499
3Ew788ukpmq7HpZpUD5RFcTZnVzhEJJxEC,origCluster,795035,22.5300475
38GY3qHo918jwHg4kroRmiWH1qjLSC8C3T,origCluster,1101304,32.1687794
35UamhJ79nK98kXjDEefwEJedR6Q9SNTsS,origCluster,491864,14.52843479
3KUmvZ2EtFCFi5QwkxsbSLvVoJcfFRNCyE,origCluster,181600,5.4176
3HAv7Ujvq4cAt4jhU9VFQ4jtTiXV4t89Y4,origCluster,302377,9.21255225
39vca28M8JzksJZDq51EaRsC6rgzUqPtMU,origCluster,490327,15.60482306
36viPZmZE7kBhRXnoxwkbvJv8eciPd6fmg,origCluster,192091,6.44443356
38UVwpXxAFyrPyJhUJZAz4AhHYPSrZx4sU,origCluster,193722,4.91595629
3Evva8hHKnJLetwkuG7JthdcCRtyMnaszA,origCluster,100687,2.06128337
3PonuH1jCZLDB1DALMaGaVXYmpy4PX4QcL,origCluster,130658,2.64879402
3LAfyXQaWLK3ptXw3N7SX8S3dQKoT8CFFv,origCluster,397347,8.56510799
32FX7TXsqaL5RbScJ4c4etfzBV1x7GbU67,origCluster,438224,9.76351134
3PDysUHNXUkeZc5yYau3CNQynNjtXf2jez,origCluster,159063,3.53765199
3Aysj76C2WfLVYgc2ms1JZbkHfJJBwGPW3,origCluster,935290,19.7871618
32fop16mzPT9qqFWvdFkPrc52vp9xFVu3m,origCluster,1989148,46.4322975
3PFbQpYjHo2JqURnQrMLLJZKC9PShB1v75,origCluster,1971624,36.64322307
39QnrJ6kkn1qGiu9gawkQMoydkAg7CAjxC,origCluster,2184015,34.54278436
3No4PyR5bnGxVb9Ktv12ebC5FapYUyfcTo,origCluster,161378,2.51540276
3FJ8sNURyhHL8YwNKxXiVYhK1FLXgPnkpa,origCluster,1482205,23.32057337
35NUm86BxYxtz6AEnqLRPsRHKYqfdiK7zk,origCluster,108423,1.91975717
3KuzQerrDU1dUqyLq8u4akbLRC4dy1CGwA,origCluster,2991271,59.22746866
363Af85S6u8L79zo5ULhy9gJ95KkihLYq1,origCluster,643713,13.5029246
3NNyXFdaDjdMNh2i9vYFhvjZkZDxHjxcHH,origCluster,2901376,59.28846895
38eC2wRb9a28JFR17EnRN4hfYuRqtzC1Z8,origCluster,566280,11.22906217
34E9HApjNMQFbeV6FEcy4rAdZPqkP4Mfw5,origCluster,1077526,25.0007975
3PvxJqfHZKfEKDgE8YT6GZbdYf5L8YG2ME,origCluster,3004537,73.85710379
3Q8F5oi4yWbqXv5d5R99CxnHfeYs7aBP12,origCluster,408760,9.26507106
3AfQh5WyxYciDmEyhdZPfxwaqVL6nnRwQ3,origCluster,97121,2.19043115
3Q3w88Dfeb1vX5UiuS6byLmKsTCKyePAeK,origCluster,121625,3.00029196
3EeK2GEsbZ1yXBR6z7j38MtCeGCuiEVw6n,origCluster,346364,8.85725473
3Ki6xte2T1RPbRuhoDWBeZ9faMP1VpQZQ8,origCluster,249170,5.96085562
3LFmHJnL9xXRqzdbdAFFBJ19aPXdBMLZWk,origCluster,588749,13.27545842
3BQXieF6ZmYM7yHPALPWmrtKG3Q8sXwFXz,origCluster,777923,17.07621338
3HBwPF6YDiWhBByw6yX2YnYvvRTzpXCQaE,origCluster,1452868,35.91027076
3MX2QgZ4JDEgUPSkU6DrRdgFxzrJRSP7Mn,origCluster,987988,25.91958828
3DC1inDioJu4GWN3mpy1GM5VMq56RznXMi,origCluster,9766375,314.81176589
3QAk5odfhF3CTDqUN837jjiGnDENSJQGHn,origCluster,1157452,39.999933
3C7YgH4wTbP6j97cfwXHcRvBx8xwEAKgHP,origCluster,1738216,59.52645901
3Pwt9KjXuu7xcnzyszDDTEWhTZe8SaHKs1,origCluster,8778769,294.598683
3KH4SFCNP2xni2rci2HE6mHkmBFgJY42DZ,origCluster,9792658,328.62283484
3H67i4GoSoEFLzrXmAWKkdgqNfjYWCLcqj,origCluster,16499132,733.70604023
3E5FMh2YAAhMobn7cknjZbbuKWPW8p2BDP,origCluster,267336,13.05895839
bc1q46duu3xfhn9axd8r7w2uj52gwjak9wy9h06tzg,origCluster,104995,4.85246506
bc1q6223ugdjaxzpema227e80vs3wfmen5cxsdvgtf,origCluster,147017,6.80883046
bc1qyj94ea0yawulrghm85nwxautx8alqz3rwv407k,origCluster,2827255,125.73575662
bc1q8rna43prerzt4quyc8zd8yx93886gcmrvjmhwp,origCluster,4909095,216.9194737
bc1qv3l9s2vykn46u7pl8lug34d43kswlw4ueqdqht,origCluster,2230819,91.41648684
bc1q3nnrlk6zgks8jhvtraryzs5k49x9sjl8duek49,origCluster,4928842,212.33352441
bc1qjgk3xthfnjnvhexsxwe00hzmxxwvvedx32zc9c,origCluster,5434624,271.16531707
bc1qc5q73jslrz2z6ax66mlf8nfr2p43gpfpz2va58,origCluster,3990403,206.38860459
bc1qdh5fne5tzejfxctx4n8ynm9fh9qxetlc2hv36l,origCluster,91601,4.94040759
bc1q47m3nrrahxt5xkp6zrrxj62awzzx03j4p43z87,origCluster,2520022,151.71071274
bc1qmtr59899mrm74y5lcky3sxgawazk7sr2yhrljc,origCluster,5015356,301.93518065
bc1qckryca60cfk8gmr3cp7jsdhh05c2w2w9tw7s8y,origCluster,33401,2.01085952
bc1qqmmawxup78t88y9fxqwxshyzr8vvyyhf03g6f9,origCluster,44841,2.71404934
bc1qx2s4k6mh3z3lc8gx26t8as78v7w735ndd4xqqz,origCluster,1501659,87.87459663
bc1qr329zmu9uul3fad8y87avhyzx8w6e0sjhw9uev,origCluster,2802952,164.02413055
bc1q89kf8hjclltfrv2tn46darr0x3lgqqjhgycwxy,origCluster,3524865,204.85735803
3CW7ffw3YdaKhW9BRMXDdYRgmJK8PsXcBe,origCluster,175905,17.001
36WcHUSsgGJv3yfQHd3JhqW8pViZe6H7Gu,origCluster,254278,24.001
3Kr9zbiEqkMbAytSvF9Up13M7DyByuVMAX,origCluster,114521,11.001
3PVLLaEeNPKqkeZ46P9Z7DjDTD4w8cQ1Fs,origCluster,40872,4.201
3KbwieVqW5BimBtzn6D23LigJssnHHStSQ,origCluster,293107,34.001
3KsKr6FcmzstzTKf13zV9MXMCubLuevuQ9,origCluster,780811,92.001
3MsQ9x3M9JUqoXBNeaSGFrG4RtdCh5hKa3,origCluster,73815,8.9
34ndAJcs23w1LTFySyyfKyQsi6k2BR98tH,origCluster,50068,6.001
37MhcwLR6Mh2wzazFReeTvjsnXPZADSSKV,origCluster,938142,109.25819436
3QFqzpJuDqbQiaSggUdJMWvG3QYA7apCNr,origCluster,58631,7.001
3EEtW8BFibChfW53Cqr7XMxaqXhrhBaHUR,origCluster,120720,15.001
3CrhQgfdsSvGGDv7juXLRBKKkGEDiH3Fs5,origCluster,247177,31.001
3GyzS94TWWvwDJDM7GxR7wV4m9EsFVtdqc,origCluster,240378,26.001
3QLNinGZyH9eEeXcKZGfW3VvRfrv1k4aqy,origCluster,165712,18.001
39VAPL5PX3pvxCq86wSbqB8WtyjkAKuYgV,origCluster,178849,19.001
32kYbmTfudzwuQBvkeqXKdMS6RgsQPTUXM,origCluster,11812,1.26436245
33YcuR2AthQPoVBbCbSKYAf35qdS2FgEw4,origCluster,219534,23.45231753
3QjWbMVBnSWmrENwivXF6xwq5fPhFRZ5Va,origCluster,2641473,300.001
34deoiyrF6Zs9ChGWeJo61pBESEg5b5Kei,origCluster,48865,5.54976756
3Gwj2QG9sGT66CSxYTXpxCKiS7cH39MShn,origCluster,237740,27.001
3NRHSA8UYR5p2ZUQBDbfQ62juT2PqMXDaA,origCluster,88091,10.001
3BtTiWgHehiZpxu7U9CP5uhA77MwxbxQhY,origCluster,145219,19.001
39uovdkVP2up2Mux9qCTEsfDS8SHACYHLx,origCluster,2188973,300.0
3GkUDce16LKtAumygCqbjFTvRhxcgiKgfn,origCluster,459691,63.001
39ePt9n4xMeZ4BNn1xQhLujUGWTVT99YmT,origCluster,582101,75.001
37FpYbG5CjCTTqr7ckxGy9GhdEFABbiJGg,origCluster,155232,20.001
38JtN9ixDsvEP6kJ8Xt3Qj6zqYeCLt2h5K,origCluster,2342453,320.001
34dpXnsqGYrAUSHVeEJnMkn8SrgPCXfuDm,origCluster,596220,79.001
3L6YP7chXWEjNyzwAPCt1s6aFQj47Jh17Q,origCluster,5094691,700.001
3Q7W6yBFoRsHqymTVgk9uowsMh1vBWd2eL,origCluster,1001116,137.55158184
3EoxPjWWFvdWTcHSeCwJerXuJuHzpAec9F,origCluster,29119,4.001
3DsPJvW8kZzG34GrKx3epMQANUDnHz8y45,origCluster,60409,8.37
37t77rm3VVX8HLtDTtLiurymMcsJF1aAMx,origCluster,39899,5.50854168
3GQwR1afoxL1A9Z6pWraWnR32z2SbfACRH,origCluster,535999,74.001
36Tk5TEw9pGRpqF17hRXF5xFv2S2QWtbem,origCluster,187281,26.001
3LykKje1tJXMmuszncYgEVGE2QEyGE3vJX,origCluster,469230,65.001
352aHzFo2MdhrReUQXJmc5EETarLnjrQbD,origCluster,204341,28.03
35D4cbgF2EzArz3m1zhN1Zn7WQHZgNh5Fd,origCluster,100090,13.72966294
3HfZgddm3PTHyhLjXQXexGS77m5LamHK44,origCluster,99278,13.801
33kV2HGgNEdmUSJsWeSDauwfGvgdr6JC7F,origCluster,638212,81.001
3PQd2xyjemgjVq95xsqHtgHBKr4V7JXTTN,origCluster,315170,40.001
385p6fgD5FrrgFezPrrJg1EZyYtCBRKuaa,origCluster,586390,72.001
3LHnuBmcYsS54Uy9SBHbfC7jYdhtQXAEUz,origCluster,697911,80.001
3NQZym4xjqgAvhvvWjHMiN8YKptGdhjT4q,origCluster,419673,47.001
34toaW9FG2n1nQwQ5YBsaSFj7agGxWwA5s,origCluster,20323,2.281
3Enjtxfr3wRPk6urWmeXCMhjzQVGCjUQ2f,origCluster,203222,21.71505702
34Cv2EdRJx3aXD9KTVfwLrAPqRbLUEwXJJ,origCluster,190189,20.001
3De9Lfdxeoh3sH7fAvBWKgsLagvcUMbBM3,origCluster,197124,21.211
36bb2hKyNLb6bV9wHYbnQ5yePSE6iQZn8D,origCluster,501859,54.001
33FBN5UJQqXK5qjtcaNdh6nfGdWGhEqkKU,origCluster,91818,10.001
35WNvbprzgfX4gbTg1P46kwfCTxvnzeaTY,origCluster,30297,3.3
3HHY5JPbDaH2t6KvTPgVz6HAnTuWcQa36W,origCluster,70054,7.2
364rVh6YxpZZQRjAULyBnVfho5LWv4H6g8,origCluster,323581,31.378769
3Kmv6HBsk2WsTQkb5HGQqHy2JhYjp2Q9QN,origCluster,24056,2.43252422
38gWA8CRvtpezu18T1DpYDaEPe4CxHWdG9,origCluster,405466,41.0
3AizEBG17D3WBwdytsCxFbfK5gpgxG4jTj,origCluster,75573,7.4515
3HMoS1Uq8Ej4ymWXnNfPoF4DecLwGyXHEa,origCluster,40578,4.001
31raeQqiWAwCUDqyrMtotNw9ehNietdHif,origCluster,319662,33.001
3HBTZdQPLNWfqGkQo23d3jQMiQdRisL36N,origCluster,26095,2.79340503
39i5QNtnGAEwL6AggEgqhrTXr8VicsBeQm,origCluster,460440,52.201
34Am5nnPeQcJ1sqnk65p1ckxNsWSvZJqGW,origCluster,34698,4.001
3Eer2t3JffUnoirb1Fps4kJu4h4L7R1ER1,origCluster,69388,8.001
34oeQDjexeh5U94Z1DpW3Z1rUqrsE2eEDM,origCluster,1241762,140.001
3234QHXzWaCLABZL8sq4sce8pALQvQTkpV,origCluster,43784,5.001
3AiZ6VRymiNyzxkJzsGVkc7Gfm5C19SJzb,origCluster,157603,18.001
33kfQnkmDqMoa2CZLU4URL81poghYyuxZj,origCluster,65308,7.159
35KGSrtxt9zRey7zyDrqX7siMCswA6cZ1M,origCluster,259507,32.751
3L8bct1ZfbSZzH9bUSQN8LeVg7HTJAXWrg,origCluster,152141,19.201
3C7y5girBRopUjvngYpAPeuCKcJCJRyaXd,origCluster,26274,3.32182081
3LPkE7u3SZvJj1ha8X4XYTuE9cwnjAJbUa,origCluster,401631,50.766
3D3MJZ33TE3d4S2ZQEe8CDGUmZLNq32Hko,origCluster,316465,40.001
39B5Gb3JCMTFC1GbEFdKtNuCcx1xG4LZHj,origCluster,8185,1.64680832
3336LovsXJbWRBgEFQHoLW7uRVN8G6RMRM,origCluster,371477,60.001
3HJdkRcM3fHoeNpG3AggoNcYyomhubtDgX,origCluster,35809,5.581
3KqTGmrRSvjFWvDTHuxy4gSsbrMARWNm9B,origCluster,37243,5.8045
3EKcDtiyiJMiSAzpPsVa4kSjjfrVXS8qL3,origCluster,267249,40.001
35genRYoCvph68y1NxQnnZdaoDng4EswMK,origCluster,522701,80.791
3KR1Dj51T7a2fzjP9zmCQLpBNuCfmP39LS,origCluster,380048,58.742
3ES5jgXU7P75fCyk5fLEMCcmapGyoToX2o,origCluster,256330,39.61948
3MEjZBEjfp5xjBh8WS9xgU5S2vdq18gM9x,origCluster,426393,72.001
3HYwg6oawxT93tGPKjAWq1oJvKx2FzJPEK,origCluster,225050,35.001
39UHQdExg4sgtxBTba9BPMhczxJfeDYPwj,origCluster,1622544,252.001
3PLFHU6o6jX8hs3hwz1SyG78umFtRvnfKx,origCluster,1454363,200.001
37Z7pwW9knAMuoeaCqtzTU6R8NmwgsHa1o,origCluster,212343,29.201
36VN2iU7TW8UYfH76jdCXtnPcmTMsHzUdr,origCluster,151355,20.72776266
39B1Fa9RWLy3t4JVqm1KySp48i7SNyKkNu,origCluster,81138,11.401
3Euj6sV77sekdYPg2vkZ9LWJijeeYECHiY,origCluster,150581,19.892
37SEkc4bHwUQpT8C3DB4TRkofZGX9S44q8,origCluster,7795,1.0
33Uab4wwzvUiHzcDwujkxFAXrqnJtR9fpn,origCluster,50486,6.4668
38RENSHeAavzKXCt2sFRKZ569x922f2B1N,origCluster,153992,17.49706751
38LKK8d5g8PvLUTK1xMLhnhBRTykvAc7i1,origCluster,498236,56.2041
325ZcSmiDMKGvZBaFLQmFR79bVTgvheTHx,origCluster,10249,1.15
373RZeGaWd191wntETG9o89ED4sMah7o2K,origCluster,150211,15.657
38mNHtHP5pwiBPR6pvqaBCYPL8JSqewcjB,origCluster,16145,1.6923814
3HrBV49W7jyhXEznTY97WHVGapigYnQXDW,origCluster,40006,4.651
3388bMkUiZ73rKBuZoyhZzjtkbibhdgQG4,origCluster,35235,3.801
3Mo3Fp2mKAiH9E6289RdoTtdSin3JphGZJ,origCluster,753795,83.001
bc1qavjecjseue4kc5lry2mvschpskswsff6uqp0ha,origCluster,93763,10.211
394aRNStUYx3ZvuRNWeMLNM36X7HszHfKj,origCluster,508921,55.2618
bc1qr6hmzwjne4qmtctym2anuvmt6qcaa0xsajtmgt,origCluster,250650,27.301
3HNCEw85ewPPRcYwNv2aYVfg7E3cWyuGFP,origCluster,364569,37.5829
3EGMTMqmUmRkS1MUcJaNPDVLT7oeNMf9Ew,origCluster,9470,1.001
bc1q89r6ugfew8n30ft3z5ldraa6tcz5stz723j9xz,origCluster,39784,4.17478576
31xbqAxnnkWL4TYAxicTVh1W55AaNSPmQa,origCluster,714744,75.001
338wRDwFgd6CrMw1pKaE5t4Lq6QG9JTEUw,origCluster,1011788,106.171
3R1FDzmDYy99jDDMDxSEeySgUkxVfp2Cd6,origCluster,98016,10.001
326qXGsJpfKYfLTnDni8MPV2AJELw9dJwD,origCluster,233053,25.001
3M85JKQ4K1hfDE9s1WFsFEtWN5SLRb82Vu,origCluster,280324,30.072
3K9wudgX9XB73x7X56ogJoWJAH3A1DFaNW,origCluster,657898,70.5765
36YWNHUPJZ48dshHcQsY6nHucVRezpRd6y,origCluster,1103974,116.4426
3BTob1MYyPLg6HZbmYjnztC6k8hqBKhqwE,origCluster,38161,4.001
3Kw7Tj8ho4b7BjfguAneBg2uCBa8BQURXX,origCluster,837872,87.8455
3KQLtyJ4KmapYXz9LtJmsojKoxef9KH98g,origCluster,503813,52.8216
3C2JVWthaDDfCQCYyuo29p5jxqcW37qJnt,origCluster,47410,5.001
34t3Phu9TgLuXEAuBAZGWmgAozCo9ds3mw,origCluster,88103,9.36093782
3GKpTaMaqgVgg2Xf1tUaEDrqquktCueRYZ,origCluster,49235,5.301
3N7nMiYBWmEYquMuyENrgE5x428BGDxkJo,origCluster,116420,12.5
3LxhX4fvjvVWyZ3Joh7ZnaqYWM2ZNyXdSF,origCluster,23171,2.501
35eoJEb6zQst4d9ZzJiaeXUaUHhwjQjTLT,origCluster,651552,71.30144122
3Dn7iKgRWf2QLpSiUMxwa9phdymvmrYvab,origCluster,1019310,108.7209
3Nq5B2GzpGUQqEAFwps6XUkJSWTavH63RB,origCluster,309778,32.8561
38tfnmHpdTaa7iKEF9HvKCrEYwu3EAcGHh,origCluster,207423,22.0
3DZ85eXwRH5j75GunqbDee2SZPSrzX4hB9,origCluster,151524,16.3302
32kE7dCPK8WaZtJ1rv8eNQBUzFfi7ci264,origCluster,330559,35.6252
3KNdi9c18cJ2z5yyDRwN2z6aMcpSwKZQkq,origCluster,1541086,166.128
3Fny4gdPMDZVMsajRAmds3KzMmoupjaU2f,origCluster,1922471,207.241
3BtVmR1twMz26f4vonq7c7AhzxegRgqaqT,origCluster,506842,54.8316
31mE7TuBZme6n4eBcWdt8oV4HXWyTiXg2T,origCluster,168594,18.33976
37tN4xx7yjsmYGQ4cSZyyVXa7igYAqBZhW,origCluster,275798,30.0015
3PsrSmcssEh7SiugbVW2gcSiQqHQsZHhVi,origCluster,257534,26.0
33TcMS9Q3F11MpkJ5ggyFgN7ehxRe2NEWE,origCluster,4550232,414.001
3M9JX3tx8VCfZjVjyeUuSetDECbNxxf9xf,origCluster,1026336,90.638
35dANFswbCsB8iwM44u4ZSUDZhkNH1pcLY,origCluster,971350,85.7821
33yYic15c6edtaY63t89ZUYvt61DhwwqTZ,origCluster,169863,15.001
38qvMyhoCHMkjXeZCeoBDaM1QTFNSLMjCM,origCluster,84395,7.17108028
3EmnqXx3k8DvELaoLgmYChxPfXoFk2Z9D8,origCluster,686258,56.001
3L7tNgyy8NdvxAnBP5HX8qu6JsSaNZRFod,origCluster,369564,31.4301
bc1qe08a8tr4v6d6x9egscynsaepqhw5yxhme35qjk,origCluster,248490,6.19334482
3Aq8Gzs8FXDdkgCDcLDgnRcjbE9LmRmUnR,origCluster,210317,18.701
bc1qrkyk2rku5gt8lfvax5mh49c33vgh73g0jn5avc,origCluster,78275,4.41799006
32HaFP3KhtcCNymDhNciaA1wApp1hNoyUv,origCluster,51882,5.001
18peVE9hwuhedLYPh8eBT6v1qLWGSwzVZE,expandedCluster,1062747,260.001
1FaKT16bvh3nWLaRmQFoG2x5ngrztnn9YH,expandedCluster,579221,115.0006
1Q213eLbRMt46zSoqA8XushxMZogD8kXE8,expandedCluster,116896,30.0
bc1qzxpkguhuax3tq2599ewe5w49r9myegsv234qqt,expandedCluster,518478,50.0
bc1qgrkt9yycq6e2sqvsy787f5p3yata57s57z9gt8,expandedCluster,175762,3.73227872
3D8yeePrdYtJkGEM4kSfccX3urg5KqoTKJ,expandedCluster,48857,3.45684159
1Hrp1gddpETfPsNXiYZqP4SWkvQN3sCmYi,expandedCluster,1531623,41.311182
bc1qsprsgvp85pz9jz6alxz6mewx32xzja6zcc5gts,expandedCluster,72372,7.20004405
3MnH974rbp3Un2a9br3XLg6Yhdguh9enyG,expandedCluster,30254,3.13399096
1FKaBtNNgm2TPoYNXMSzUFXtmQRCa4yjQ,expandedCluster,83359,9.001
bc1qgntnr9qdtj4rqe2wuhxy55lpfkyvq7qfgte2jm,expandedCluster,914657,15.52402231
bc1qcqam7vcjxgys55m5kjzf2q572wfxuehnjfwuvf,expandedCluster,229092,3.87911288
189VjM1NyFdi6H7tbZNHYP2WmThf7ZQc3W,expandedCluster,439187,11.623525
3JsVuCf2Zn6HhJvgwfmY3NjAAKdotN4WHJ,expandedCluster,506079,43.001554
1PQpBk5PqWT8KNzBkFYCskoFPRJeDbNjwp,expandedCluster,3708874,700.0008
1G3ZkQn35x81QinqXbHrD97vdifSFeN3iu,expandedCluster,209174,60.001
3M4wMkX8uFUXPV84guy2AGD8GDUcevy5PH,expandedCluster,484618,53.001
3GMHGyjVFipKxhEdBihV2ErxVXmkdSgdHe,expandedCluster,4199831,125.49510024
3L3uW2XCsMzrhn1E7jheC6yJLQUqNGqvH1,expandedCluster,943792,89.0
3KF4gNvtGmDgQqfGKdjdkVmvsEK8DhLNhD,expandedCluster,1611196,154.00084339
17c56A7vmM2eHEXnxgo5EEXjivtejtsZkS,expandedCluster,300547,15.47853627
14nwVUejs9VVMnVCLWoCZ1r3hoEw1qY8qZ,expandedCluster,1189691,62.1496099
3MZvEbE45owUSUfn5cFi5tDXt5KPiSGXp3,expandedCluster,2328411,250.001
bc1qaftcx8qlre8dmuayhaw3h9pud3rma3uf704ln9,expandedCluster,74216,1.12461
bc1q66pgwlfaj9ryrvacuhsu20mytmncx8hwdjgs6v,expandedCluster,124479,2.051
bc1qcq2daelnpz5vqmqamvwnmpsrkwpg333632xrwe,expandedCluster,148129,2.30889367
3KkBZuTEMCv59jYxoQEgYv2L6UZt8m1Qdg,expandedCluster,619235,90.001
bc1qytzk6s6dl64yy98c76cl26n6yzhsgs5uys2d37y60mwydhzaljxsqyzqqs,expandedCluster,962520,20.74781192
18AGduk4m71BCZrFFTx8fidf6Mtc4PN1ZJ,expandedCluster,907982,28.943664
1Joyawo6UTZeCSJkZeYGHeingHTTTdS3H4,expandedCluster,791924,40.459948
3QAh2e5mahsUGrza1PhSyh4giMrKeLGcxU,expandedCluster,53997,7.4995
357gVwTKA4BdMAJSdsZ7Vq1CFE8vC3t73a,expandedCluster,5107200,500.001
37wznRNYFZugyH5QL8FfbkDtWntEpKRJSM,expandedCluster,2919888,312.0009544
1CtUZTGHqzWdkaGHa68qKgLYkA448n94rf,expandedCluster,118273,15.0
3G9gw1PGKjtYbLiBJJp4kD5P6SpmgpsPTY,expandedCluster,54384,5.58973764
3QDjzNPAVnhvG5asvc2DqhXbXZUSEXQ7nY,expandedCluster,135894,35.0
bc1q8t5a3p57g4w56q0z7qqkva5y2ysrjghga47vm8,expandedCluster,85624,10.0
34Ls99hndsvZ5MexgB3VEkKiAWDHnZ2PBh,expandedCluster,226099,22.001
19iZsYwTYjc7UZrG93M1XW1K5XvNE7z3aT,expandedCluster,3964373,68.55450048
bc1q7dqmkq628nhflvx99nn83rp8kekt0xl9523zmh,expandedCluster,1610097,27.96810073
3NK3TbY6Z1XCzGdidD2BVumHGSURmnFHfr,expandedCluster,133991,17.0
bc1q7dmy77wmvseneuz6pmk83lukrltuzvvqgve0c9,expandedCluster,273791,8.15532178
3Jmkqgcbaq4ZKD85S7ZvBdYEk3fTvZNtks,expandedCluster,323726,42.0
1BbYZgBoLQ3kMw2o5Kk6SN8MAVPkZ9ETnb,expandedCluster,164676,15.0
3DhBLWgttAUYHYKP7hGYE2ca6GegF847Kg,expandedCluster,95139,12.00090685
33uezbVYkkHN9HQFejjEcLsHKcVHBncULp,expandedCluster,167436,20.99986054
1Dh7nRErpsqKSxsQP8rejrDUSzmuY2J58r,expandedCluster,1555568,165.0
1KyTFHeKHx46XkoPLAm5aeS7JMBvyMCgAB,expandedCluster,1427788,190.0001
14nceP3PRSGWoX4QmKC5nFhjASvX8gzZjq,expandedCluster,486568,65.19653731
bc1qvj2m5m3clcqta7gapa34wm8gmmc5y5jfpf2pfp,expandedCluster,4296532,205.764765
34xTumgqpj4NnwQqyK2pN2fcThGURzgiDU,expandedCluster,301472,76.37844688
bc1q89avy40my7uycdln40vqmslvl2yncetp4fvzus,expandedCluster,2034047,59.314734
18m4QHMkTGpJN2LGB7sSt3prFHNJEHqZE6,expandedCluster,4096265,300.0
3EUvtLVsiGjXftPjhWVw5Dvt28kc9vgWMW,expandedCluster,8189868,725.00061171
32egug578jMKWeinVEaR2cLte6nacY8b3X,expandedCluster,2632782,730.39989979
38dACSAYueu4bfJtwuoMsEoyKDAoQwdpRh,expandedCluster,1456332,152.001
3HYomae83yTiYGN9wzhhU5LvEcdXxnsTxp,expandedCluster,139713,15.001
1Ph7LNPfdZdLUA8bu53Ywhpczv9oZd8onD,expandedCluster,210737,50.00093692
bc1qgttm0egz70znf5ap8wggwl00qkdkvzruw3a5ak,expandedCluster,1254989,27.0
bc1q6el0xxdcsxr3rk756pl44vns7ctte4znjd4qmg,expandedCluster,318583,30.0
bc1qwtm8qwjd2h7jgjjcwfruse9ajxgkffpkacc22c,expandedCluster,18182,4.08433173
38BC26YGBQQjPe5zb9SN5nwvZXeK78TsWR,expandedCluster,67166,7.001
bc1qy43n8n7sgalrk5khw440l4ppzt2n6ng4tf0xq5,expandedCluster,490726,9.71
12Z7w1USU8f3u6uAzRQxK2bXxvNf48vC1h,expandedCluster,22111,3.32892319
bc1qdga45cweazcdc5gnssf3ydecs5294h79c803eh,expandedCluster,8300,1.0
34V2sbnrZaesP73Gt2ZkVdKpkvRh9pR6wd,expandedCluster,12799708,208.99842376
1BxZ4VQQSstbSGfD6RRhCG5mFQ6bJ3kxsC,expandedCluster,15123007,1600.19938492
bc1q33y2jnayp088e608lkwackrrzd20e4lnjjezww,expandedCluster,4352158,92.4758255
36u5J4qrRwhDiroGtbwYJ9MfwhBq4Bn1tA,expandedCluster,280524,30.0009392
3BcVNB1MVByP8eiEv9QRwCGyUhERmxHzdX,expandedCluster,2730841,200.0
bc1qv7d5c37qcd6u74alct3yews52dz9h2avmpzjc0,expandedCluster,103473,5.22997493
34LHQubNSEXiHQrSDLM9JsxbNynsqbcyaF,expandedCluster,244996,30.0
34hEeFjnyp8EQ8a8EkNVR1wpHXr6XNQfuN,expandedCluster,2624346,61.25960782
3Jn4ptDx6KcLmwAP5idB6Wc6Z8rUJSwSb7,expandedCluster,1871119,60.7
1JC92RtUqNtvd3ZghWTEj3FyxuGfPRjpBW,expandedCluster,493344,10.14515999
3ATonwapA2KCsnJd2h4P1abDx54npktHqw,expandedCluster,310457,40.001
39nLLuG8gFPr6nKDQXG6b4Jtenvbr9Z99w,expandedCluster,107525,9.1
3EbKENSwuxj2u7se77B9XDWWzrswjibcqx,expandedCluster,152531,14.0
3NAdFVAW4HU1k4XjL2GiJZtswuwuuLP6gW,expandedCluster,405326,38.0
bc1qpxnqnlusvw903svhc0vuzv2yk6hy8erlq37fyp,expandedCluster,199169,5.05418429
bc1qtandz4ymtqrl4t7cmk834glvcz277wfqk2xya4,expandedCluster,99004,2.3123
bc1q5nd5720atpg0qnn378n0mvrqtylzy5jdr53zra,expandedCluster,76093,1.26482941
bc1qfxcfv6cmdgl7634m4ytd2scgaer69dzqaypa5m,expandedCluster,80708,1.43382282
3P2kGYKiY6k8scjf2JYkdVa8qBfU13ghvs,expandedCluster,51847,5.0
3BWy8nx1gzQsHvXGPZxD3JhrsHeLHGefo6,expandedCluster,32014,3.2299025
13RCG5pSvANFiojjembTQpN7DqS5uZLvDo,expandedCluster,71361,11.26883047
bc1qrkf7zq99y8dtdgy2yk9yljsx822c4jqtqcsdqy,expandedCluster,75468,9.99981124
3KiQfsbk8u1VXavRp5mmR9YrPuRFAuA83i,expandedCluster,932989,78.00085558
3EkoGWMsgJWfiq3NDKZLBrGQ9YZPbi7dgU,expandedCluster,2143216,225.001
35s28XPeJQU71rnhMUX1YBNVexx4eUvyat,expandedCluster,231629,25.001
3EmZLeSmDqWuPccwfvJukbrf8ijjJgbASS,expandedCluster,9665542,1000.001
3PaPJnDomaxkHbBxm6JiaAPKjwKPnSNdMo,expandedCluster,14305348,1500.001
3Na5A5XvCCQEmyUBVovcXTH5jMeiLemWx6,expandedCluster,1862731,200.001
39P83iRzCmS6CuQQZNwrf5y2ZC4SKg7xW8,expandedCluster,19363,2.001
3AMDMrY4nkagXH4otNxaib4oBM9qQK2WSZ,expandedCluster,39897,5.0008083
3EyoZHN6U71RUjoZRZBKHGnBFwoDpHhGBv,expandedCluster,464030,45.5009662
13fjdVAsFjHaSSBdhWpQ1WgmPZV2hKba53,expandedCluster,159066,15.0
bc1qu6kes22w5l0axkk0yrnd08ya8j5z43rm53xfjc,expandedCluster,351107,5.56345444
bc1qs7ceqlyphckhja8hldkg9gfj9m5z5umyx05y94,expandedCluster,2848226,55.28946298
3AAVRudp27ZkyJ9BRHMPFfyPjBJ8PFQjxv,expandedCluster,117759,177.04921212
3JrpeMQvyXefmHGB4ucyFhCuJizRHnd5BZ,expandedCluster,102516,10.61938059
bc1q4q7qhr2zlxnuqvtp5wft0g6pendux45d3kvksf,expandedCluster,879499,16.00013837
12ua6vu4ty14dmWTQavbeDqUzUuX1t5kfb,expandedCluster,2571348,48.0
bc1qv8nhup7nyj8dp83llmkc6tmvhyjdgthr5dfc0n,expandedCluster,2532846,42.86
bc1q732t6xsww5jjlnl3qyu2xhwczu7fqnqry0y0a8,expandedCluster,1510457,27.7
bc1qae0wwr30amlazfjhxrkp4ceumhaqtzpu76jm0l,expandedCluster,287146,5.62
bc1qvpftcq6chjsahr27k7j7a0t6megu79ad4ds8et,expandedCluster,310580,5.56
bc1qq49t3msz9y9u8h4ep3fpefp8c3mq5maceyuglw,expandedCluster,4422096,87.5
bc1q9sua9mf0099j6yvtv49hd52drqchh2vrgjp73m,expandedCluster,810856,15.87
3EM2RzFgcf1aYLxJU71qYPVHVkA6WtJZE6,expandedCluster,115321,15.0
bc1q4f8k7j29392qwdhz4fdq2y8dcnqgx89h9gw8df,expandedCluster,99503,10.68370696
17N9uLNEAtkTwusvrK54yHwnA4Gs5tUxKv,expandedCluster,199841,21.65524483
bc1qtkj6ycv080xvsexnscfcmvqpswxtazktvtket9,expandedCluster,442087,48.308237
1GyeVmSXtoJyCHCcqdqwXj7ftt49vG9W9m,expandedCluster,1973376,173.34375251
17vCoYMnPeU57Ymsa8HazKKF29ZrPZ4JQe,expandedCluster,12060,1.69955921
33g9i6Tk1cskJXd3F7UMp8a4KWnzsr1y9J,expandedCluster,103430,16.53243954
176ax7bDuzkgN1CmJcGGx6yqt73cEkhCGM,expandedCluster,2093739,224.10846252
18UDU11rNGJuVPTcYnoBTLPQNAbWY2mSzU,expandedCluster,1726880,184.84080949
16jDzFRUtapCHXaFddnGW8BvJG1HfvQv4v,expandedCluster,1916964,204.78467167
1J3K8HTaiRN5UtqtnGin3Y4bHBeR7TGEoU,expandedCluster,1809159,193.64771999
1LvJHYDU1XS3DSqiL5XBHofcMoUdB2Piyd,expandedCluster,1930976,208.35868353
1JjriRZxtWA4tEuj7fXiRRtYc3jUvf1DqF,expandedCluster,2009985,216.88400712
bc1qn0kle5pn8j5vac6auwsxwg4z8yh4kpa8ephpzz,expandedCluster,149267,3.2252
34A8LE8MWZGenUJRhwtojSszEkaD7TQQYC,expandedCluster,111225,12.93966495
bc1qhcfpza3zfd28g03ew485qrrsvy9jae5xvr9ydz,expandedCluster,991416,27.88597288
1Kj4hWBZSeNAJrrr9GboyVXUrbYMPSJPrW,expandedCluster,88328,25.49892542
1DBXmxwgtbzUEXxfNvBVBZkpaVwyovRxAd,expandedCluster,336565,499.84694
3747qVXopFU5GswMddzwfNAdijDYY4zPmD,expandedCluster,26797,3.0118
bc1qumnrwmr6qml6kzmddr7euw888wfkn23ss3sz39,expandedCluster,1049680,18.0006
bc1qhpmt57g6sfe0f9hqlrftzdx2kh6k0f9nv7hs74,expandedCluster,5088539,128.90102
bc1qq2c3j54nsdljfpdn862pcetucjhx8k0aser2lv,expandedCluster,4077503,301.0
bc1qnxq58yywze4hkg9fdzwqrynd87w0kxsmklqxlt,expandedCluster,635544,55.0
3AgvptYyeJYMq6uQCR1pmPwj6SiKSvNhir,expandedCluster,5102,1.37684119
3KV6VR36s7DgcP4a7FYNersf1j2z9hPgK5,expandedCluster,109064,21.74987976
3LbapGVteQQf119JDMkFk9WMZE86qSHPrp,expandedCluster,438766,87.5
bc1qe60rxxpepudq74mka3lugpy8x4hwl24qkzxc3q,expandedCluster,610601,25.0
1AbWeeA3kKTDLCbrzdGQJWBaoq51Mnj9sf,expandedCluster,34958,13.0
3AUfxR312GbL3apJJTJZeLBtQhVzqDssBL,expandedCluster,2349308,230.0001
1Kf4QBfjdpZFDxn8tc68EkR1Xch17GJURB,expandedCluster,319348,28.862574
bc1qfaa0znmuya5664pra8wn95qj8mnjlalxlngn47,expandedCluster,7468278,700.0
1HAKBcjvfiARDmS7FccndbGr5gsZpPB4ry,expandedCluster,45185,4.0
1HkQsvbcVtp4vfvn1EEpB3tNs8wWoMnpN5,expandedCluster,152289,13.32422694
35N9oAzvWVF3noWMRqoceZdwJnUZJe8oRj,expandedCluster,381530,40.001
1FpnDtH1fy5Xj13zuBSNxsmkbyX8Jhb4Ya,expandedCluster,26411,3.67156158
3BSPcmYGbarQFdTEX59x3ZhL6CjJ6c8Gyf,expandedCluster,937547,100.0
39LKyxyKi21KJxitXmkC6PbuYb9G5E9kAS,expandedCluster,683233,36.53702079
39reLEAeFrxfDA4G8SoWACyPg3wthZUDrd,expandedCluster,194051,22.0
1AKXhg5PxdyhpJtcCgXKT5C2iptPgpamLW,expandedCluster,65689,8.8415
bc1qgy2plf8q886h2uvkhh5snzjmk42fdgwrlmhmsl,expandedCluster,1762868,85.59543345
1HFAPASAtnE5vM6kCZWRZbzFLpG3TF1bbX,expandedCluster,716082,59.82071601
14S2ZxwFfRZznrm1gPpPRht9WapYsK1SiZ,expandedCluster,9881520,866.00044811
1BLiAsgeGeZfVkpNzMirbf7fhm5FcjCgcb,expandedCluster,892313,81.746
bc1qnmahmjxw0fqky2lsvpptga0ezclfyp9qsrg6cu,expandedCluster,286982,6.074571
3KtMKJtBpZfoJ55A2KZ6MYx6x8tcPVVeJn,expandedCluster,844383,22.61771788
19EXB2axxDCwd9iLYUe9uLHYAM8a2Hcfbo,expandedCluster,994396,23.99537736
1Go3DC1oLtCaW1nqRnNd6EYcsiJk1hE4qx,expandedCluster,105931,11.01908476
12FLPnExSQEpbhdtcFNChWniZ9PhXtu7fS,expandedCluster,3505156,196.73
3BYN8P5kHQUN6P7X3ksTSn5h3d5w2xX3pw,expandedCluster,36758,3.85429676
1KEPxPDjpJxbzCQMs44hCjasuD9G5vEKks,expandedCluster,75360,8.2349
16wnRbeZ4veZfn7BZt5Gwj3xkPtfrNQUQU,expandedCluster,2271027,231.83925811
bc1q4r8zcrqjrrl28t7xd49d7c0efsat7sgc5ae90d,expandedCluster,290261,4.66582819
bc1qttc8yyu82fpxlrpzsrt7fhz3g54yyu6qsgft60,expandedCluster,150063,15.12050881
1HrCviwe5wu758RGK4iDg55AXP3Q8TGynd,expandedCluster,12387,2.00088629
1261hYzcQ3gz8c57a8SVuwRqUYWKRcoLzo,expandedCluster,7290,1.0
1Apbw9XXYDeAa27gNL4hsfvhiCveK4Rmr4,expandedCluster,7290,1.0
1MMwmL7eheCvc2DahZEtcPyN6mVaAU1A8Q,expandedCluster,165309,21.62953672
1GkamjptViQ3ECPw6uWqKtd9G8NVBr3Qiz,expandedCluster,29201,7.999
1CvoUUvzvBCVKFZ93guH3zpEMd2eZ1hTHo,expandedCluster,21274,5.11323458
1JmWWGZx179FFfpqMfcxj2Ncd8kFDYR12R,expandedCluster,1444868,210.0001
bc1qgewvxtf23mkpzcl6stmmejg3ywqccc33zq87d2,expandedCluster,1213304,103.33
bc1qduq4nd8e8jxyah82cdkf5w3fgjz6fl3es8h3ty,expandedCluster,199769,5.20202793
15JRjvDWtf37okSfuyCf3kYV7aW3owBqML,expandedCluster,489702,53.589726
3H5BWCkLsChUFZ9Y1M5wUYbxY12MjyJfqG,expandedCluster,256670,28.1060495
16CdDPf8q6sFAazCsyoYrmStXybBZmgi5j,expandedCluster,1197175,302.55425665
bc1qlntvdjw5q5pn8puuurz46y7as487nwaktuwu5m,expandedCluster,41325,3.73860786
1LXPFDcK771PwqAQpo1onsEpTngsfcg6gw,expandedCluster,97715,11.99819769
34qDXCRQyp73ZSSTqQC6M9SaZ8aoTjxFcB,expandedCluster,301395,28.03488845
bc1qj8wmt6pghhxz3x60t60qcak5zv9qphfxnrasvl,expandedCluster,178443,2.89809632
32TzMJ7oDa7fQtFfjV9pDbpZVgM5BuiGkM,expandedCluster,239172,4.0
bc1qskher6u9364q9z7q7vta34snu9mkhp4rca900j,expandedCluster,694226,12.62959281
1JE44yBZ4sNinipWYf9R13JGvjp5ug2CNx,expandedCluster,473600,452.87235492
bc1q53974n4kppudcml5ckfhhe6fmrez67hf44z0tk,expandedCluster,50082,1.17600923
16x4BQ4hYnpVCi7w2TRCGpbJUzpP4zbB11,expandedCluster,335726,58.37913
18iNKtbMvQfNnwcgCtF3vHEgNAccH24kBw,expandedCluster,8798,1.35002103
1NcdUfRonAe5tppsjF9R7QZ6dCJiggknvR,expandedCluster,99611,9.72177329
32YSmZtpvjmkVxu5fGCopYc9d5wcDjJ8a6,expandedCluster,869526,14.92877951
3MyX8XcvPWcwcf2MRTgnTbBLpj6RGYEZaM,expandedCluster,3491541,60.0
3KKqk1mYJBgNv99u23D5ikJnANGqqXwgsT,expandedCluster,3490220,92.98172063
3PFSUGKfHhUtXYJXUY6ZtyTrzu9ZxGSKJ2,expandedCluster,13840,1.06330498
1C7Mvj5FNq5NujwqkQAhBghgLRPsAFcchQ,expandedCluster,74803,7.99997341
15YTwZN13G8teeQC5xXBLuNYGJbWEwaiwc,expandedCluster,36260,3.31306694
1Fq5p7LV6vepNJmPqjVZ4Lp9JbKAdYpDCe,expandedCluster,17447,1.99994202
1LBUJGpqQEM1qT83xBEyPtsXUzyZweg9Pi,expandedCluster,54532,3.0
bc1qfzytsplxvaxpt7cg8fc422qktrmvht73wmmugc,expandedCluster,222405,24.26886072
bc1qvv2vs8w5a2ppl4trp544vcx0rcjrl7gh57dt3d,expandedCluster,359870,39.2690138
3C5ZbKiWRxzYYBu8mCC2JW7uExxV445XA7,expandedCluster,19481,5.05061308
1GkTCshDqkNjjuF6Zqc7rHtBjUE4FvBpnb,expandedCluster,9171,1.00095616
1KJWeshHdAKVXgEPMnAshiaCxrnwhqTQ8s,expandedCluster,6285,1.0
3DoQ1peP9mLcJaEJi19SsmwAZeBApXjTQj,expandedCluster,120763,11.0
3BKpoaKyoiCGEioqYKZp7qkbcyhz6GagWT,expandedCluster,457950,44.0
1GgwgdmcLgs9RReFfd5yMuaFky3wxn8NtE,expandedCluster,253812,24.0
14ByghTC5ymXzizyE8NyWE6nBvXCpF7FzW,expandedCluster,876289,49.1825
1Dm1vJ5SASpDowUeYRsNUJkMAkhtehxSVj,expandedCluster,210308,10.927
17Rzf5EYbVQpsZ1Wtr2awi4Gpz8bwoV2dn,expandedCluster,414714,10.4466372
1EWRFK1XduaRimzW9dj4RBQe4RvmgoxasV,expandedCluster,668015,97.59124771
12A7aeXy8gXU5cfxfuVojwnUth1bS7uAU9,expandedCluster,134564,15.10785951
15rzw1di7f9561a4McXsJL3HwqNnUmd8Ww,expandedCluster,90511,1.47
1JqHAeAmxvSD9eFNGr3iZAuhVCN28rAt9Y,expandedCluster,69070,1.38
bc1qyknurhpuaxrphm0gm45snm7304klx55sx3j9j6,expandedCluster,253812,24.0
bc1qmkg4059lpfcr5tnkvd4pet8lxm5wyknztd5aw6,expandedCluster,163072,2.77
3ARESrbGPQEDeETdThPRjF7YtgrfRfitVz,expandedCluster,241497,4.18175999
bc1q83ep5l2hex3mlfvx5p5vedyvj50aznyfggxjty,expandedCluster,626322,17.46198535
1B5GRxsFmyv9C2ffrNAxCfh1mifVLzDLz8,expandedCluster,443996,23.04157
16LCnpD8XDtJJEgu2Uyxq5A3SX3gUzCZri,expandedCluster,908993,29.9763
1QApDcJfvYcT6irhw2b7JZU54hwq3LXcnu,expandedCluster,12488,1.99837439
3Mx2HGG49uLez7w5dmPu3njMfxH5jXYNqZ,expandedCluster,30942,2.98726146
bc1q3qnq9kzpq6ld0twsrsgdk88eal2j45nstg6qmy,expandedCluster,1026456,35.139756
bc1qgqjm0cv0zgwp075hkjsvu7pp0fdshjpgzs8fpm,expandedCluster,148864,5.7044522
bc1qqjuar7m0eww0swnqplket7rd73yx6ktljxxq6d,expandedCluster,595477,15.19
3L7b5nBd3BbH1xVSMUMHPmuG1U9Tvbxz8X,expandedCluster,1788890,260.0009784
3QVxmXGdPLWiBKFi62e5jvmyEZ6W1jiSCz,expandedCluster,423304,44.38072304
bc1q2fnkam70dxcfjjk9g0dytwlf36gvphur3mudcy,expandedCluster,441746,37.50039298
bc1q2g5g2tkya70rl0p0mh5tue9w48eu773hsrnayf,expandedCluster,102150,10.950732
13wwnuexdW76egts7VhN7JFkWaWSzqPYrc,expandedCluster,19469,19.9993214
35UjM9sLfEFcGL6Assqn1ivBQ7dg85wqcp,expandedCluster,213379,20.0
bc1q4fjuc0upp3jx8dd963n3c7qrkkdqfcaz7wqrky,expandedCluster,1921537,270.0001
1JFL1iRzEXLbkPtJ6Yuy1mXXiTqsXjBeF,expandedCluster,373054,54.4999299
bc1qpfkplz3g8x9j30cy69lyp6fjsyv6kuhw8pe7al,expandedCluster,223078,5.4818917
37oFRbGcMn2HUnWstUUVEhktWKJQWdBNY3,expandedCluster,373325,11.8
14Gtp6ZUNH6PV9mrs4S6PNcUBZDG4J2zxr,expandedCluster,6997740,537.00000547
15ibgeHRYz19XNhS7xbuCdydNQPdYQ2ugh,expandedCluster,28256,3.3
1HQ87Xowr9LLsr95NtBNAiSi7cqSj5WQjx,expandedCluster,85242,4.0
bc1qxwwq8a9863adpwykggkpqd572g4zxh9cuwtw37,expandedCluster,70938,11.444
1ED5SUK6UpRQoX8Fsq8eCnQuMmAJ3nwMBm,expandedCluster,261955,24.29
1Mj7ENuSFiEoFhSTL3ACkHTCGyczEfTkGc,expandedCluster,849678,78.854517
1FTdUNx2miSS2ARbyyJyowoGkbM8dTEMym,expandedCluster,474197,44.9968178
1Pnq7ZwBgmhfYZ3fuxcYg8t6kstnCwvYkG,expandedCluster,73167,3.7627
1Gj8nk4JANT4uFggWB9NoVY2s9Jn2JHhhd,expandedCluster,68824,4.63972625
18Fo4xTU3sdcz8JbEbZUVcwJ7gHdYRhtSj,expandedCluster,140723,8.62389915
1FsQsq9rUKURSJ9ozY1cbaKNynJbMZjTti,expandedCluster,127650,15.99965047
bc1qfq7073nm372cy0j7d0sgnsdlzky6250wwqp6as,expandedCluster,3237185,111.30543825
3EzVjb7YPXAHNiVnQpCaF1STopeuoXQUzC,expandedCluster,74108,8.4633437
13yukDUcaFsoZdqSHk3YTJKUtCLkL78VR7,expandedCluster,837679,110.8594
bc1q9lyexnjxs87zwnve8c9mh4hyq2euv4t5x5y5ye,expandedCluster,1225578,36.495588
bc1q3whnh45r5el84hlwh4xp8jdtzxjmr7dnx3mc7h,expandedCluster,7340182,120.08345595
18mgiYsTnb5WHVY8m4xHo1q9yzFG9jiWty,expandedCluster,1186191,29.158778
bc1qs8cycgfm0fxcxcreupc88msxekpq2uhnafa534,expandedCluster,203221,4.66478391
14GiWzYmeA9cbTwTCKRbdkzrdo2vQkVLbR,expandedCluster,617686,154.99977764
1pahQPGXecHPYir7mqpEzmz7Z4eDWaszx,expandedCluster,47917,8.99938336
bc1qq9xk7mryp9y9decll49qvy7lufsd45ufmzu5kxvt69cl0kqjh9zsxsrzpw,expandedCluster,171529,2.98707
bc1qsqz04gkqjgpz4u42q727e5qpt23uj43fsyy276,expandedCluster,65092,7.23
bc1qawf5hqz0nq2slwmntsvwuh2mjdcj64hxppwpde,expandedCluster,29338,1.35588203
16phcgZwGxYkRZDqax2rd5SCcpeQk4rsDp,expandedCluster,19162,2.0
18n1QTpJVeGd9dfENStZ9wwdnqVT8qPbs7,expandedCluster,77486,2.0
bc1qrg2vxerjpcs90hucpfhdft73ph66vfsumdz79f,expandedCluster,993521,38.3562173
bc1qxkqzvxak8w9t2j6asqr3tsplv093tp828grte4,expandedCluster,127302,19.166
17TMc2UkVRSga2yYvuxSD9Q1XyB2EPRjTF,ransomwhere,9196,1.26686348
1DTE5x3Rjn2q75HjX6hiu8CQwEGqe6wQ4s,ransomwhere,26688,3.34400549
1C7FeXMf18mGrcF59DJTkmxnRfkKeG1KFZ,ransomwhere,2185660,215.03633742
18x7PieotZcmMwYSaYbbV8X3zBMentd5Fu,ransomwhere,148413,15.43476806
1Kcwserp7KqSMYBDe6Ra5atHP6xWbQPBnD,ransomwhere,2110465,226.86185461
1GuPsTqJjib8t2idTaLwa95kRLtiWhrE5A,ransomwhere,1575360,160.74062261
1C9wdSqXngQSMabJWRAn9jSzThLqmVBz28,ransomwhere,16243,2.28321783
1MTm1qxzVLvGPMnQ5vWPXGrNapC2XPyGAU,ransomwhere,653428,68.50775135
1GmoNbUmxdYZyb97wFAVtQjq7xt2Km3Qb2,ransomwhere,6023,0.64383223
1LgA6afU8BNTC9bwwHu6zN2RgJEMspHQbM,ransomwhere,220453,21.12661021
1H2Spjde9d6YaoBfJ4LYmFWxDsgmxf92Ln,ransomwhere,609725,66.40021546
3BeQ9H5tByJK9CeeZftDsBFhgt1i5Q7AQK,ransomwhere,3005,0.38149706
1HNZEpCrS2uBSNXb4TqZ76fD4VkyMzD5dL,ransomwhere,3699,0.38702065
1AHod4t1vpW9aLxQM4CEcj5cxdCmQnpgLD,ransomwhere,111127,12.10202559
13i19sWBpe5Z6P6HHigNFW1ebeWhXzmPfS,ransomwhere,115157,12.41081308
1E4s5oWDH2KqjR5S5aywR3oThHrZT9s4Ui,ransomwhere,1380,0.14092557
14fHcTQx7wwcbMa5opGqdJXTSEqTGRtoxS,ransomwhere,789,0.08119785
19nwTbrjLRRjxXam8NxExib8uWuuA78Cu3,ransomwhere,419375,44.01006145
13DFuTYQhKQyj7m5pNzWrySsNUnFakcojp,ransomwhere,2104103,211.40860443
17rJmFiKyYbNZmt9xiz8yTScX1QvWpt7pz,ransomwhere,1088792,90.00037117
1McnyaGV4yaS7AQo97G8AHLFx94WzA751U,ransomwhere,19347,1.99506842
13msidWLjvS6HUAmQcDj98nLno4BzZusXT,ransomwhere,17014,1.58539268
12bG5T6kvj9iWPzCxTjPcWipKaRDLLXZBL,ransomwhere,483298,52.85199919
1DgLhGeJfoUkkXdYNVf7SNckX5ST5taPVo,ransomwhere,2428272,299.76053044
3L7ECcRBCypxrS5U9Kw9WexcsHmX4wKYz6,ransomwhere,11042162,301.0
1GuR4EA1g9yFPP13QjnqjZscGdyyvCN4WZ,ransomwhere,829,0.08775909
bc1q7eqww9dmm9p48hx5yz5gcvmncu65w43wfytpsf,ransomwhere,4410283,75.0
bc1qsmehmvycn97hsl3l8mjavg8u44ymvmutmhzvtx,ransomwhere,226,0.02578305
bc1qxkz0nsrqfat833fq9gh7ypk0qcvrgqku679cz0,ransomwhere,135856,12.66128475
bc1qc0xzda5wurdz2yhurdch8jvz6natg2w86749fc,ransomwhere,122160,12.73317005
3KyeCr9QA56pAjEpUPrPVH5E9FuvPPcXuk,ransomwhere,77042,8.4363
1Cyh35KqhhDewmXy63yp9ZMqBnAWe4oJRr,ransomwhere,10439,2.79993008
bc1qxay7nulfvjtz53p6erdajrfzdwtwc7vhah25c2,ransomwhere,656,0.0675418
bc1qcwadmycvzen2qkjnge2hhgtgulerssy56pqx9k,ransomwhere,30640,4.379718
bc1qdfqazmrxermtsefgeskc2e2jngmkx0hvl55hek,ransomwhere,53973,5.75600125
1QDTerJPMMdPnbvWr8R5p4SYTPbQLzk8vj,ransomwhere,1128,0.12110596
bc1qqs4px4km9xlal0aquuucxeuj2m30llj7w9jwpv,ransomwhere,87527,8.5576011
bc1q2n664ugqjxcalnk5ts4qraz47plvyvwpeyryat,ransomwhere,87185,8.9224
1Kx9TT76PHwk8sw7Ur6PsMWyEtaogX7wWY,ransomwhere,744840,182.9999668
3ELWptyxydCYekCuLwZPCDC79vLzvvXDv4,ransomwhere,27250,3.1
1NJFpoLF5WsKfcWicctEZ3ykhBKoooQcLi,ransomwhere,853366,101.67326174
35XP3iS53jgE4K7atFwmjoKrxy5hC6dbKp,ransomwhere,29329,3.1
bc1qx35wa2reueyf2jmhq3ffdv5vmqn5s8nm6flp9n,ransomwhere,37250,5.0143809
bc1qg4l65gt8pkfu9c62d5dz4dlzgu8g7qp5257luw,ransomwhere,38977,4.52022009
bc1qaktxa75kx8xglvmr5pgvruj0rjmvgxyaxxypfj,ransomwhere,108639,12.35890341
bc1qas4q5ursafmagzkvhs3v6sl4t98v9tnr8a75rg,ransomwhere,233845,24.66506346
bc1qj9r03antk5ynmgucd0gmrnf0ufu7mq05fxgwxa,ransomwhere,654,0.07432827
bc1qx0ngr555gepwqutxuwkdxdcfjwwdhgtfmyaxzt,ransomwhere,180845,19.56516719
1MshYtvKZNbKr4RQgynAkAJQcWcrwaaZQF,ransomwhere,750,0.08200798
3P1nVcu7iwgAL6F5CJuQBwrgBwt9tqVaFi,ransomwhere,38871,4.1
bc1q5fx98qud4htkg7alr0eve7aq34k9m4rc2jqwtr,ransomwhere,237947,24.35138616
bc1qulr3z39ue858wvcp5w8q2dugafz430j46q32qj,ransomwhere,18880,1.83275005
bc1qeqa7cpzajpqcvne0vm6ql3m5klye47ws6zh2qt,ransomwhere,16511,1.74525447
bc1q8zkuuwu30ajagzcl4au9fnvc8tfddjcpjxxqt6,ransomwhere,14362,1.47459698
bc1qheumh307l9jf2s8aw7wgztkfjkjrfsn8pnhcww,ransomwhere,1617,0.24484662
3MRrmDQZHJokDJxjnR4SmFA8V6ZAec6dAv,ransomwhere,3633914,374.31405183
39vtf4inwt1Beg6Gj1iN6kgaG8A9NN4hBo,ransomwhere,114782,12.5426
12vsQry1XrPjPCaH8gWzDJeYT7dhTmpcjL,ransomwhere,217381,55.0
bc1qfhw6tzkj0sgh0lqswadtvzf9z0k0qmz9vzv4z4,ransomwhere,783,0.08361971
bc1qhnwufcw2929kfh36xn6djscxfzs5lh5eassujw,ransomwhere,21282,2.21817057
bc1qdaw8xq5ymr7u8mvzq26zmq0fpqtefgnj76fgv3,ransomwhere,818,0.11499524
1E4fQqzCvS8wgqy5T7n1DW8JMNMaUbeFAS,ransomwhere,6,0.001
35DU1XS6puwJXGUwWKhTyTD2LjuP6H5HSt,ransomwhere,2019668,221.01881742
bc1qdhlw8a6afds8933szg0ry3qedej9ef9nhcs4dw,ransomwhere,8445,0.87919631
bc1qkghe3wha87qpcx3mdedt2ux5atguearhj8mvan,ransomwhere,47,0.00514919
bc1q98z5gcxan998h0uem0y4y4qtmm45xk4r2e5m9p,ransomwhere,5235132,649.31580419
1GXgngwDMSJZ1Vahmf6iexKVePPXsxGS6H,ransomwhere,134248,30.00217032
14aJo5L9PTZhv8XX6qRPncbTXecb8Qohqb,ransomwhere,115054,25.00016544
bc1q7aghpv8l4gwha7sfzrvx0v5m5y9rh4h2skgvu5,ransomwhere,399,0.04354717
bc1qsypgqumac6y643we80xxst35acpmcal2cv34cn,ransomwhere,118899,12.8510418
bc1qf25ayzqsranmvnc8l72s6mdqvkvlr6mqrfcqg8,ransomwhere,282,0.02899505
bc1q4qdsh3vveypwekxwpgeruh28revh62af7yz8ph,ransomwhere,29492,4.0621518
bc1q9dd8k6jtdsc7yrefk0ythmhpensn22m26ge7rl,ransomwhere,22752,3.00574136
bc1qq2ju8mz5whsu6g08t2rgtq8c0jnnj6s90zd279,ransomwhere,1513,0.16592086
bc1q8r398v5v4aw0a6cah3ddd8nngq2nfqr40xpg3q,ransomwhere,567682,60.78921043
1FtQnqvjxEK5GJD9PthHM4MtdmkAeTeoRt,ransomwhere,188943,48.25
bc1qzf593zdg0fw7kmxrp4vgmx96zhsdee5khrftcj,ransomwhere,169,0.02467166
1CW4kTqeoedinSmZiPYH7kvn4qP3mDJQVa,ransomwhere,153422,24.077
18eu6KrFgzv8yTMVvKJkRM3YBAyHLonk5G,ransomwhere,199279,30.0
1KUbXkjDZL6HC3Er34HwJiQUAE9H81Wcsr,ransomwhere,63985,10.0
129L4gRSYgVJTRCgbPDtvYPabnk2QnY9sq,ransomwhere,23908,6.4995167
1CbP3cgi1Bcjuz6g2Fwvk4tVhqohqAVpDQ,ransomwhere,83346,13.0
1NuMXQMUxCngJ7MNQ276KdaXQgGjpjFPhK,ransomwhere,42574,10.0
13ELQVGgkM79nW34ncBe7Jz7xhXsXmRruM,ransomwhere,373900,20.98547805
1C8n86EEttnDjNKM9Tjm7QNVgwGBncQhDs,ransomwhere,194905,30.00821708
1PDSGRqkBF7yEJhTNDaxNm6UQT63rrzTGk,ransomwhere,99347,7.33379781
1L9fYHJJxeLMD2yyhh1cMFU2EWF5ihgAmJ,ransomwhere,259505,40.035
1GZV41rSAHAj63pNjLCBwo7rfioxU8JPE9,ransomwhere,299377,16.81520094
15RLWdVnY5n1n7mTvU1zjg67wt86dhYqNj,ransomwhere,511549,75.41099315
1MPdDiRhWFawgN2GVi1Jamm8DdC4qypoGL,ransomwhere,305181,15.55
1ChnbV4Rt7nsb5acw5YfYyvBFDj1RXcVQu,ransomwhere,175710,28.0
bc1qlnzcep4l4ac0ttdrq7awxev9ehu465f2vpt9x0,ransomwhere,74,0.00273831
1K6MBjz79QqfLBN7XBnwxCJb8DYUmmDWAt,ransomwhere,12515,1.70004113
1ET85GTps8eFbgF1MvVhFVZQeNp2a6LeGw,ransomwhere,12455,3.325
1D2ZiHwE4pQb8X6NNcXdfHwncHa3yrDdYr,ransomwhere,313626,20.26068751
1LdrbQEAersWLi6A83JrCzERyXEZWD4hBP,ransomwhere,338425,21.86270223
1CN2iQbBikFK9jM34Nb3WLx5DCenQLnbXp,ransomwhere,94435,15.0
1FRNVupsCyTjUvF36GxHZrvLaPtY6hgkTm,ransomwhere,247268,38.9999859
1Jq3WwsaPA7LXwRNYsfySsd8aojdmkFnW,ransomwhere,223222,35.0
1GJ4dp5vwK2E9PZ4eF7FVujJiTHERDTFJX,ransomwhere,800559,61.90752563
1Mk96FcixjayGZgdPgo4GrnPPSn7rL1jpE,ransomwhere,496495,28.023
19AE1YN6Jo8ognKdJQ3xeQQL1mSZyX16op,ransomwhere,164740,25.0
112yZpAs3Va6az6JTKZ7iQZEAWdvD5DYoj,ransomwhere,100122,5.217
bc1qnj6yephp3jt204f8yn02wvydn47yd42w63587c,ransomwhere,2011769,43.28144495
bc1qvpt6tnce3knl5vr5v3k985uwr4mm85hc62ydqs,ransomwhere,438246,12.14994857
3LE4u2csMS9y1MdfgBZ3pDmnDg7VCtX322,ransomwhere,770190,90.00195545
1BkmiGWPLum8MzusqZsq6Tn7v4oUjqPLjC,ransomwhere,241976,24.00537938
1AGbpPF1o6WfJGoMnevDJQqTFo57x6HUEz,ransomwhere,4218728,298.5
bc1qmjavw2hsqdfet4mv5j83evy0z3w06rantrs6an,ransomwhere,483824,12.617
bc1q65njz3pfw9kjjvcetkexsl0l922wtd2wz2p46p,ransomwhere,5377027,97.30185939
bc1qjhdw0582hu8sl2l56dyu9l4rk366hhu7j5xpgu,ransomwhere,249725,5.20856738
1JWnZmkJwJSK6F21nypCAGzsR6TVhPRA4P,ransomwhere,2523038,50.74881968
1MuBnT25CQeTFYkx1tHP4Fa5rKbc4rC9uF,ransomwhere,628886,15.5779765
bc1qtcld00s09n944yjgyjfd6ujy5gespztc0umy2e,ransomwhere,451327,8.00275566
bc1q7ld076gjadenuvuknv2c5a9lqslfk8verdkf07,ransomwhere,91928,2.46426081
bc1qq0mn6wgm8wxr7j2af4j2q3t7stscesqf2afv6v,ransomwhere,316585,8.90692
bc1q2muhfugejgft7smu0ejze22het2rkmnpdccx5j,ransomwhere,345309,9.69536871
bc1qzwe9gedyc88hnm8m265g780qy0ezh7z4va0z5c,ransomwhere,168135,4.47463166
bc1q65f238kv6gc235smuzcehshxcqljn2g7l5sz7j,ransomwhere,1184,0.0241
34mMCqo83wc8GeLWjSPeQE8QiY9LKnkNuj,ransomwhere,47778,1.295
bc1qdak2ewrf9n295akue9r538pcsuh6k3gm4j5gk3,ransomwhere,152921,4.72469156
bc1qp77llzx4q3t5dmwwwkzwg3aw30z3l924x7vlv5,ransomwhere,202504,5.42840261
3JYLAk26kZPw62W6UD2Jyk5i9jhCAPJjg4,ransomwhere,321653,6.006025
3Jxwt3fmXhUwDNDQ4sWYCgahLGDVjy1SQm,ransomwhere,434829,11.066
bc1ql8kpdvy5pns40lvfeuewz930e7nkh3xa5e96k7,ransomwhere,170894,2.93672438
3HTHHMm2YwNdwEDkGc6dRyxxKvByymeVqV,ransomwhere,286354,7.67
13R8c99CsCMr7iz73NYYEWjsEqYp9fLtdt,ransomwhere,26880,38.0
1GWQv1LmYCVk6cKikarV2hC6RJBULZ26am,ransomwhere,29499,29.7
15gbE7z9cbxg5Gvh2rDFPdU1a1VLu9rnBa,ransomwhere,19900,28.0
19iq6bKkGBrzBr3puVDv1j8zRNchTjGwy5,ransomwhere,21596,27.7
16VckpWyEzDCC7zD2uGTwjYAVXE3EZctBY,ransomwhere,27235,29.728
19CbDoaZDLTzkkT1uQrMPM42AUvfQN4Kds,ransomwhere,815,2.00097091
1HCvm76tKdTEHfrsVBGm3hiPRHCSHTVLf8,ransomwhere,24207,28.0
14UKG6AFQCsch2iJVsZKrDMxTEbkj2cdPP,ransomwhere,1469,1.7
1DqU3NwULyDYKSSYeo42WSTQXRm2dPRQJ1,ransomwhere,21507,28.0
193D1yarHanBhTETzvEAZ7qxnTzgD2Pqor,ransomwhere,28374,28.0
1Fom8GLdBzZL9dMTipd98AWHMRvZ42pYqi,ransomwhere,17476,28.99975725
1KzVLJcZky4wDjhCKjJiS8HnxurGusjCnG,ransomwhere,25868,22.0
1NHgHGYm2f5Acu4XC17EKoMLDAHC5143G8,ransomwhere,34501,12.05
1DA1gyQNpCRM1292nV3xY53tkDzeJ7SgZ4,ransomwhere,1313,1.7
1F2K3zxpjTWDL7aBt497cVqUJUG3G85rkE,ransomwhere,30827,12.0
1DcCFq3n5ptvxZpCD485sHX2EJmpCBK3Ds,ransomwhere,23201,24.0
1Ar31oJp7ALcErh61KGiu18WsmjWpHc9pi,ransomwhere,11460,14.7
1DxYrRu3fkqj2iLjL4a55e4n3bWAF9mBNU,ransomwhere,27289,11.0
1A1rUVvjVLWvUeBNHbxyur9ebs3p8UTKjL,ransomwhere,25586,38.0
1KwgwwWdoL9VFcg9VuCDGBiVZ2LNzGnrov,ransomwhere,22240,59.5
136hcUpNwhpKQQL7iXXWmwUnikX7n98xsL,ransomwhere,1420,3.4208
1PormUgPR72yv2FRKSVY27U4ekWMKobWjg,ransomwhere,450420,15.89108878
1JnxLRQSHkCw5aEhu5VQptUq4XmxntAvL2,ransomwhere,4691,11.0002
1ETLG9xnFwZ1H9xaHz6u4MX8KYvWJesMab,ransomwhere,9283,22.00451
bc1q2855268hg3lm34qwk5jvnnjm762ef8rkdvyjez,ransomwhere,4070928,96.386312
bc1qwx9y37xd8sznjj0yw85q9fd9qfyaur9xasc2h4,ransomwhere,16416,0.42306
bc1qjndxpuddlssczk336tdd7wcawlj2qws7p77p2k,ransomwhere,150061,3.3495
bc1qprpt8gm0h0jyj6py406xz9gucl40j8vusumaxx,ransomwhere,100917,2.652
bc1q22hz66x8uth9xadfxmn5fe2s9kdv7zg8rpjauw,ransomwhere,99579,2.61
bc1qnf273myysxjw23g9hze4vcu3uqkget9ra70hen,ransomwhere,703100,20.05326047
bc1qw5er3p5xayypk00l44p944xk4xhfgjgm0jjswc,ransomwhere,146,0.00256
bc1qvzs0kefvwgtx3vjdexznw0s5zq2st45uj5pyk0,ransomwhere,497,0.01
bc1qq0r3px80wzfa2cfe9r0xfqa2fpmmag9nhrekhw,ransomwhere,140621,3.12748571
bc1q7r8ars6zxml0k4ep5489vga9yudpvqaecywvw5,ransomwhere,451394,7.87
bc1qg44mhye7mzrlsqza97kgsl0kmppcvfz3lxnt32,ransomwhere,508595,10.22997602
bc1qhq37atw5ldcppf2fd0fsmsmejxkvp2qfy472pq,ransomwhere,4451309,78.5
1MiGyooKN32XiiQ37x6EJwbbfw6mJ7d27G,ransomwhere,157527,3.39560844
bc1qr4mhf2zqtgd45x9clfmuekf42z4eglh4aydlnk,ransomwhere,19512,0.4795
1KsiEH5ZrfS3XhLVUU758rMKnP65kz2GYz,ransomwhere,60109,3.1655932
bc1qlsceg70s90mwnntuq5r4jmfnd744arpu4q8q6u,ransomwhere,756975,15.43000409
1HEDP3c3zPwiqUaYuWZ8gBFdAQQSa6sMGw,ransomwhere,658778,13.58613392
3E9F7gE3upQ8rgsPjwiKH7ugfdneypPjqj,ransomwhere,0,2.526e-05
bc1qtayhxcuswujqdxuqdc7djyt5976ek3dgtnc6l6,ransomwhere,203100,4.63797292
bc1qdpsal8xhg9p857r4g425y868yqwtzdqgzv8wg0,ransomwhere,598980,10.435
1LYiEgq9k3xSAddbqMZcsVTayJVoKbTFub,ransomwhere,1118167,19.53819884
1DRxUFhvJjGUdojCzMWSLmwx7Qxn79XbJq,ransomwhere,21756,3.0
1DyMbw6R9PbJqfUSDcK5729xQ57yJrE8BC,ransomwhere,129234,12.06792066
1HZHhdJ6VdwBLCFhdu7kDVZN9pb3BWeUED,ransomwhere,157077,12.08714866
14cATAzXwD7CQf35n8Ea5pKJPfhM6jEHak,ransomwhere,16996,0.31
1Edcufenw1BB4ni9UadJpQh9LVx9JGtKpP,ransomwhere,139783,8.7529726
bc1qy34v0zv6wu0cugea5xjlxagsfwgunwkzc0xcjj,ransomwhere,58917,1.0
1DeNHM2eTqHp5AszTsUiS4WDHWkGc5UxHf,ransomwhere,65459,1.95111426
12xd6KrWVtgHEJHKPEfXwMVWuFK4k1FCUF,ransomwhere,41552,1.06181
bc1q9jg45a039tn83jk2vhdpranty2y8tnpnrk9k5q,ransomwhere,29692,0.5
1AbRxRfP6yHePpi7jmDZkS4Mfpm1ZiatH5,ransomwhere,1194661,161.65663764
18wRbb94CjyTGkUp32ZM7krCYCB9MXUq42,ransomwhere,200665,21.80946218
1HdgQM9bjX7u7vWJnfErY4MWGBQJi5mVWV,ransomwhere,14336,0.32313731
14oH2h12LvQ7BYBufcrY5vfKoCq2hTPoev,ransomwhere,104669,4.52371114
184ZcAoxkvimvVZaj8jZFujC7EwR3BKWvf,ransomwhere,158499,10.3952901
bc1qz3lmcw4k58n79wpzm550r5pkzxc2h8rwmmu6xm,ransomwhere,56048,1.0
1PopeZ4LNLanisswLndAJB1QntTF8hpLsD,ransomwhere,866858,21.04301571
1AereQUh8yjNPs9Wzeg1Le47dsqC8NNaNM,ransomwhere,731989,15.31284308
3G8hqexhV4yyLpneQ2qBNeLxAH7SpHwoeh,ransomwhere,2603729,299.001
bc1q0wf73xmcqkvrvs7tj49hznxqqgt6tp359gk0az,ransomwhere,1514100,38.14012345
bc1q9x0sg3w0gwl0yfyml78zp7mdpuan005scwvytu,ransomwhere,119180,2.8759
bc1qhtwfcysclc7pck2y3vmjtpzkaezhcm6perc99x,ransomwhere,13353784,247.19272375
bc1qzz7xweq8ee2j35tq6r5m687kctq9huskt50edv,ransomwhere,798320,112.5
bc1qaselp9nhejc3safcq3vn5wautx6w33x0llk7dl,ransomwhere,1162302,117.76
bc1q5uc0fdnz0ve5pg4nl4upa9ly586t6wmnghfe7x,ransomwhere,983731,103.30074406
bc1q4vr25xkth35qslenqwd7aw020w85qrvlrhv7hc,ransomwhere,1590573,37.23548878
bc1qgsuf5m9tgxuv4ylxcmx8eeqn3wmlmu7f49zkus,ransomwhere,457097,67.871
bc1q6zkemtyyrre2mkk23g93zyq98ygrygvx7z2q0t,ransomwhere,10163533,342.155921
bc1qr9l0gcl0nvmngap6ueyy5gqdwvm34kdmtevjyx,ransomwhere,4094333,71.42750245
bc1qc48q628t93xwzljtvurpqhcvahvesadpwqtsza,ransomwhere,134308,2.09001985
bc1qft3s53ur5uq5ru6sl3zyr247dpr55mnggwucd3,ransomwhere,4309411,318.11936268
bc1q9cj0n9k2m282x0nzj6lhqjvhkkd4h95sewek83,ransomwhere,3252361,50.04
bc1qvpk8ksl3my6kjezjss9p28cqj4dmpmmjx5yl3y,ransomwhere,8122148,141.0
bc1qp7h9fszlqxjwyfhv0upparnsgx56x7v7wfx4x7,ransomwhere,692419,37.79344406
bc1qhpepeeh7hlz5jvrp50uhkz59lhakcfvme0w9qh,ransomwhere,496629,51.32
bc1qyd05q2m5qt3nwpd3gcqkyer0gspqx5p6evcf7h,ransomwhere,333776,37.97075612
bc1qs3lv77udkap2enxv928x59yuact5df4t95rsqr,ransomwhere,228405,26.00097052
bc1q6rsj3cn37dngypu5kad9gdw5ykhctpwhjvun3z,ransomwhere,9977495,254.26122532
13sBMhTkri6be75TVQKHqtUo3LuLJRaY8p,ransomwhere,171649,16.75880288
3DZN2f85X5W2NNpjw8HTmB63iDKqf7oFjJ,ransomwhere,144312,13.000598
3Lqz6xi75jJHNYakCXiFQa48ywEuMXSo3H,ransomwhere,117358,11.0
3F36mQSHL3QH7Ym8jrgsMXSMB2sJ3LEBWx,ransomwhere,866272,113.0009784
3JXhcYw1AAEucXGNjAHXayuwTzFfo3gQ9e,ransomwhere,284493,22.0
bc1qqyym2t37g2wqdkl8hxytavkv0z64xpd4jn4hkw,ransomwhere,426696,9.23655217
bc1qufacauqaudvnnlzdg2y0hnnafsg0utqv5nxc6m,ransomwhere,947050,80.54631671
1Lc1pysi5ofcvm6Tu298SDsX5dzLu5Hdvg,ransomwhere,853615,81.0
34mut8dNvF4p1sd6EQm52pKfRq5JbY1qFd,ransomwhere,208422,25.00098768
bc1qe0c3l4ycmslne3kgprrs0wy80rv2w6d8jxy9ev,ransomwhere,1195873,36.068263
3Dk6FoNywkP5SU86WuwxVdHPuyDyZXnWPr,ransomwhere,269980,37.00096085
3PH3ej3ygG2T1dzZFTxvfPzdSZtGiAiTAU,ransomwhere,704501,82.000191
3HWbmfqVFxdLJgDHTtDPoyswGbxZJZwYNk,ransomwhere,1818104,210.0
1L1FZ9pB95doi1sAMDuG9xVFhdeB412tH,ransomwhere,979021,76.34474581
3DNoMBMzRrm6mp4AE1J9yCwZzms2V87Y5v,ransomwhere,31386,3.0
3BQ36UxEr6diz6KER6rxzbnoEoWfk67Z6b,ransomwhere,53966,5.0
3HaeZ4wEddcLYVgZVDhByXFwHxAgVHe7aM,ransomwhere,322521,30.0
35WggqJQHrLCtFJnQbHrhE3ZowEb2RgJhE,ransomwhere,1142824,131.0009703
32v83CaZtARUD5CJp29YYmjZ91xqMXYywN,ransomwhere,1968324,270.000022
3Pi4tkxqH4mQGpxnubdmyWyDTyZfnFNmZo,ransomwhere,1669112,300.0
33WPATuBnYWpVEYJiCCU3B6hiszVCSJkBp,ransomwhere,152141,19.201
3GohLiHGCXMzRazhnGFVwPn8gXfNeL98bW,ransomwhere,94610,10.0
bc1qyxsf9xckuj7tej5tgvfg09fparxu77tedn7c3j,ransomwhere,279837,4.88099663
13XELohdTXGbgHpwRrNHMiuKrjA7a9wM2z,ransomwhere,1976209,152.87395784
36KQWiUJtZsTiezhbPHUBUEo4JBhxCWmkM,ransomwhere,692473,84.0001228
35tokppmTKjELs5dM8omk4i2kUBQqcn3so,ransomwhere,1724467,133.00032354
3A2oDZzVPvjJsprHLsyibbMSBGx91vtags,ransomwhere,1493932,170.001
1MsusXiW9vUpmz2tcDyPdP5SSkngVTHHvi,ransomwhere,452183,48.73294347
3EQ31A7kZ9YHthJTskcFeQVt8LTwNeFk9Z,ransomwhere,73498,9.0
3JPRi64Yr95Hrygq8dqb3LhxHizrmoUQhr,ransomwhere,196587,21.00095275
bc1q9w7qwcgf53ntl0x3jcmnr9vmtgnn8memsxsesr,ransomwhere,48533,6.59819499
36jMyHnGEMXPqsBumUGw5WtFFVJSmW4xW4,ransomwhere,154003,15.10097975
3C6AaqSBPuL8gUviRm6eRASSNyBkFFERUn,ransomwhere,495228,42.00086905
1KUzq13qqefyBoHtiS7J8E9uHhZiRwgxvM,ransomwhere,227698,70.0
bc1qvx6vz8g6q2sgkd0yas83j8mx4xl8kln28mzgmw,ransomwhere,1396847,30.12693199
3BAQ2ZdHXG8D2Qp7hnZ66RPpPevFb6Fer6,ransomwhere,2007186,243.00097312
37n8nyjh2DSks3vLzbBU8dBTkRgHPnPHSe,ransomwhere,224412,24.0
3QizGW69PnMhHJCEzeWPtgp14HwAkCnC6k,ransomwhere,2853634,340.0
3LeZ6P5MHG8XaTEfeSYqAqp7DM7UJUo8fA,ransomwhere,138574,19.00099325
34tseG2mpZKt74FCreL3ozTPFtssSVwbAZ,ransomwhere,781278,90.0
3QWZdWGGAsztGeMHJvF2vXBHqguvXfkS2V,ransomwhere,63277,8.0
3K7aw3SQEpwUsQdYmDNkakLuXnjUxhrt54,ransomwhere,7445969,692.000365
3Mbipj57iES1qV3R44cS4QKcKggdKwyr1P,ransomwhere,600029,17.688
bc1qrxpu0xur4tg0afd3lddhv4lkmn2f74mrkfs60t,ransomwhere,203936,3.56531113
35pQybSCV6KFpTbYhbfWkVHEnxRmHc58TK,ransomwhere,300509,39.0019568
39hXQy1z6DkKEP2LLrg239WgZPRGsmJceC,ransomwhere,326143,39.0
3LRFy9Q7whFtwk6m9SxyiJ9tkBmSc8VDRX,ransomwhere,253371,30.00098515
38haT249fW4FXhZF6C3RtKwbUrqVD9jyVP,ransomwhere,319686,37.001
3AzYnkxndqvf75qxtk8piTDcpnhjQbLZzQ,ransomwhere,269923,25.0
3JEfGqJ7Qo6HkaFPfLvTfgHK5qHr3nersc,ransomwhere,9534471,1089.001
3PBCSty8nGtZGYUnYcCXWYnsfgLcqa8dy6,ransomwhere,449609,60.000021
bc1qa2eh8yhetqtpsdrzrlxzmz7k6nuqnczap8emv6,ransomwhere,1029994,30.01464635
3D3SSugAjoUrHx7gmXpcd1bnyWdUwTqUJh,ransomwhere,208018,20.0
3HVAcXKiZUxGyZmKyeCPTU64U415hCfnrE,ransomwhere,1247962,120.000181
329r1HNykiBNtPy1T26esQxn9ubiGN6Gt8,ransomwhere,760089,90.0
bc1q69htg0wx5vafqmgusxrvgf6cakfd0na6r89ydh,ransomwhere,351460,18.2608644
3L683L8rooZsz73QLH3BcNVpKHFtVQCofW,ransomwhere,246587,21.000365
3NACQAdctT9E2JqcnpSQDGUbDxYiLBJgCg,ransomwhere,9740690,890.000865
37jp2pP2cxjvJMyLs8KA1upLxmU1KUAUE7,ransomwhere,455564,71.000892
3QxEq4vY4rBKC4Jii5uuuVzxm5BKNDTu1S,ransomwhere,287217,25.00077073
3AxLAP33tT1hz4H3R9UemCXPszvExB5eRm,ransomwhere,1447800,200.0009892
38dBQTGStT81AXRDxRko5E7mW5jVKms2i6,ransomwhere,437269,75.0
15pBv8xf2CbqJ1eqphAPyD1XZdMfuioVdU,ransomwhere,1002493,51.55426307
3KvZVcGfiL6EmP1py5cToUeXdPXFa5XJN4,ransomwhere,1075135,150.0009595
3E3AH3cdYEoMWsoezeqULqoGCfLkr9sDDn,ransomwhere,2275871,335.001
34EgpqB3Bo8mANPK8F4R8RDhCWdgxdXFDa,ransomwhere,707908,90.0001
37x8uirHH9iQxGFQb7TUNU7tw1ub3pg6Gr,ransomwhere,210243,20.0007049
bc1q646fx2g833cvtg9t65ldfhswn9f83xg5y9zffx,ransomwhere,7258704,700.00093813
3DVoasYjENgEoTdPv62anDZATKoc8YF52B,ransomwhere,646120,76.00194465
3N76Z9oJctXJyAE2cxMnVUuVJTBTMar81N,ransomwhere,989247,120.00014
3NsgkAq5YnJDFURU29b83kqMaghhbyevUp,ransomwhere,218311,30.0009676
3Qdcku7zn25YrpPSAfBtEZ5wHb9vhWEFPe,ransomwhere,365195,48.0
bc1q8ylqa3w37hsuel983yygn02qr3crsw75mg9fjd,ransomwhere,855889,41.32616491
3JDzTo87HrpQSVhqUejwv2DrxiL9vcaDXN,ransomwhere,307393,30.00079343
bc1qyuunv9pz6f4qpgd0c0wmenu9zhr6u57yjf4afd,ransomwhere,1024446,53.1067445
bc1q4frmv39nmvdsxjnen8jm7ykgz68w7p38v5pry9,ransomwhere,584730,35.04
bc1qandfxc4knaf943njca77edl9mmegzs83tv8lpx,ransomwhere,75985,2.41407011
bc1qr0pqfghr9cksfc5arr2rak3lt2y50v03pc76nh,ransomwhere,997461,38.55847013
13rhLTYUKo9ijrR8vinojZqoZTpTe1fm8c,ransomwhere,299117,15.61364882
1GnkF1JtPT6EJcgJRFjArKZHjQs873eUeE,ransomwhere,509938,29.59
bc1qpwwtck0zhzrj56fxeayz6wz5546nlp607qzpvh,ransomwhere,109655,3.95475769
bc1qghj85gz0dkr9jeucana3z4xu50ujtllj50rvj0,ransomwhere,106115,2.986
bc1qcnw5v94y40ast06eatgalnjpluu2p067qewh46,ransomwhere,99389,3.69315708
bc1qy7ewkfpfr4x4rp39uwgsh2u698sl2uhfadqfyt,ransomwhere,190877,9.84771982
